"index","AtomID","start_utc","end_utc","duration_sec","label","exceeds_left","exceeds_right"
89575,"111853_1749724462_1_4032059#1749720877#72#Active",1749720877,1749720949,72,"Active",FALSE,FALSE
89576,"111853_1749724462_1_4032059#1749720949#18#Sedentary",1749720949,1749720967,18,"Sedentary",FALSE,FALSE
89577,"111853_1749724462_1_4032059#1749720967#54#Active",1749720967,1749721021,54,"Active",FALSE,FALSE
89578,"111853_1749724462_1_4032059#1749721021#27#Sedentary",1749721021,1749721048,27,"Sedentary",FALSE,FALSE
89579,"111853_1749724462_1_4032059#1749721048#32#Sedentary",1749721048,1749721080,32,"Sedentary",FALSE,FALSE
89580,"111853_1749724462_1_4032059#1749721080#9#Sedentary",1749721080,1749721089,9,"Sedentary",FALSE,FALSE
89581,"111853_1749724462_1_4032059#1749721089#47#Sedentary",1749721089,1749721136,47,"Sedentary",FALSE,FALSE
89582,"111853_1749724462_1_4032059#1749721136#19#Sedentary",1749721136,1749721155,19,"Sedentary",FALSE,FALSE
89583,"111853_1749724462_1_4032059#1749721155#30#Sedentary",1749721155,1749721185,30,"Sedentary",FALSE,FALSE
89584,"111853_1749724462_1_4032059#1749721185#18#Sedentary",1749721185,1749721203,18,"Sedentary",FALSE,FALSE
89585,"111853_1749724462_1_4032059#1749721203#75#Sedentary",1749721203,1749721278,75,"Sedentary",FALSE,FALSE
89586,"111853_1749724462_1_4032059#1749721278#33#Sedentary",1749721278,1749721311,33,"Sedentary",FALSE,FALSE
89587,"111853_1749724462_1_4032059#1749721311#37#Sedentary",1749721311,1749721348,37,"Sedentary",FALSE,FALSE
89588,"111853_1749724462_1_4032059#1749721348#28#Sedentary",1749721348,1749721376,28,"Sedentary",FALSE,FALSE
89589,"111853_1749724462_1_4032059#1749721376#86#Sedentary",1749721376,1749721462,86,"Sedentary",FALSE,FALSE
89590,"111853_1749724462_1_4032059#1749721462#37#Sedentary",1749721462,1749721499,37,"Sedentary",FALSE,FALSE
89591,"111853_1749724462_1_4032059#1749721499#70#Sedentary",1749721499,1749721569,70,"Sedentary",FALSE,FALSE
89592,"111853_1749724462_1_4032059#1749721569#152#Active",1749721569,1749721721,152,"Active",FALSE,FALSE
89593,"111853_1749724462_1_4032059#1749721721#49#Active",1749721721,1749721770,49,"Active",FALSE,FALSE
89594,"111853_1749724462_1_4032059#1749721770#63#SlowWalk",1749721770,1749721833,63,"SlowWalk",FALSE,FALSE
89595,"111853_1749724462_1_4032059#1749721833#23#Active",1749721833,1749721856,23,"Active",FALSE,FALSE
89596,"111853_1749724462_1_4032059#1749721856#16#SlowWalk",1749721856,1749721872,16,"SlowWalk",FALSE,FALSE
89597,"111853_1749724462_1_4032059#1749721872#141#SlowWalk",1749721872,1749722013,141,"SlowWalk",FALSE,FALSE
89598,"111853_1749724462_1_4032059#1749722013#31#Sedentary",1749722013,1749722044,31,"Sedentary",FALSE,FALSE
89599,"111853_1749724462_1_4032059#1749722044#16#Sedentary",1749722044,1749722060,16,"Sedentary",FALSE,FALSE
89600,"111853_1749724462_1_4032059#1749722060#10#Sedentary",1749722060,1749722070,10,"Sedentary",FALSE,FALSE
89601,"111853_1749724462_1_4032059#1749722070#41#Active",1749722070,1749722111,41,"Active",FALSE,FALSE
89602,"111853_1749724462_1_4032059#1749722111#47#Sedentary",1749722111,1749722158,47,"Sedentary",FALSE,FALSE
89603,"111853_1749724462_1_4032059#1749722158#16#Active",1749722158,1749722174,16,"Active",FALSE,FALSE
89604,"111853_1749724462_1_4032059#1749722174#31#Sedentary",1749722174,1749722205,31,"Sedentary",FALSE,FALSE
89605,"111853_1749724462_1_4032059#1749722205#45#Sedentary",1749722205,1749722250,45,"Sedentary",FALSE,FALSE
89606,"111853_1749724462_1_4032059#1749722250#33#Sedentary",1749722250,1749722283,33,"Sedentary",FALSE,FALSE
89607,"111853_1749724462_1_4032059#1749722283#32#Sedentary",1749722283,1749722315,32,"Sedentary",FALSE,FALSE
89608,"111853_1749724462_1_4032059#1749722315#25#Sedentary",1749722315,1749722340,25,"Sedentary",FALSE,FALSE
89609,"111853_1749724462_1_4032059#1749722340#27#Sedentary",1749722340,1749722367,27,"Sedentary",FALSE,FALSE
89610,"111853_1749724462_1_4032059#1749722367#6#Sedentary",1749722367,1749722373,6,"Sedentary",FALSE,FALSE
89611,"111853_1749724462_1_4032059#1749722373#29#Sedentary",1749722373,1749722402,29,"Sedentary",FALSE,FALSE
89612,"111853_1749724462_1_4032059#1749722402#28#Sedentary",1749722402,1749722430,28,"Sedentary",FALSE,FALSE
89613,"111853_1749724462_1_4032059#1749722430#11#Sedentary",1749722430,1749722441,11,"Sedentary",FALSE,FALSE
89614,"111853_1749724462_1_4032059#1749722441#10#Sedentary",1749722441,1749722451,10,"Sedentary",FALSE,FALSE
89615,"111853_1749724462_1_4032059#1749722451#14#Sedentary",1749722451,1749722465,14,"Sedentary",FALSE,FALSE
89616,"111853_1749724462_1_4032059#1749722465#26#Sedentary",1749722465,1749722491,26,"Sedentary",FALSE,FALSE
89617,"111853_1749724462_1_4032059#1749722491#15#Sedentary",1749722491,1749722506,15,"Sedentary",FALSE,FALSE
89618,"111853_1749724462_1_4032059#1749722506#34#Sedentary",1749722506,1749722540,34,"Sedentary",FALSE,FALSE
89619,"111853_1749724462_1_4032059#1749722540#43#Sedentary",1749722540,1749722583,43,"Sedentary",FALSE,FALSE
89620,"111853_1749724462_1_4032059#1749722583#95#Sedentary",1749722583,1749722678,95,"Sedentary",FALSE,FALSE
89621,"111853_1749724462_1_4032059#1749722678#40#Sedentary",1749722678,1749722718,40,"Sedentary",FALSE,FALSE
89622,"111853_1749724462_1_4032059#1749722718#44#Sedentary",1749722718,1749722762,44,"Sedentary",FALSE,FALSE
89623,"111853_1749724462_1_4032059#1749722762#8#Sedentary",1749722762,1749722770,8,"Sedentary",FALSE,FALSE
89624,"111853_1749724462_1_4032059#1749722770#15#Sedentary",1749722770,1749722785,15,"Sedentary",FALSE,FALSE
89625,"111853_1749724462_1_4032059#1749722785#14#Sedentary",1749722785,1749722799,14,"Sedentary",FALSE,FALSE
89626,"111853_1749724462_1_4032059#1749722799#78#Sedentary",1749722799,1749722877,78,"Sedentary",FALSE,FALSE
89627,"111853_1749724462_1_4032059#1749722877#126#Sedentary",1749722877,1749723003,126,"Sedentary",FALSE,FALSE
89628,"111853_1749724462_1_4032059#1749723003#9#Sedentary",1749723003,1749723012,9,"Sedentary",FALSE,FALSE
89629,"111853_1749724462_1_4032059#1749723012#19#Sedentary",1749723012,1749723031,19,"Sedentary",FALSE,FALSE
89630,"111853_1749724462_1_4032059#1749723031#11#Sedentary",1749723031,1749723042,11,"Sedentary",FALSE,FALSE
89631,"111853_1749724462_1_4032059#1749723042#60#Sedentary",1749723042,1749723102,60,"Sedentary",FALSE,FALSE
89632,"111853_1749724462_1_4032059#1749723102#8#Sedentary",1749723102,1749723110,8,"Sedentary",FALSE,FALSE
89633,"111853_1749724462_1_4032059#1749723110#7#Sedentary",1749723110,1749723117,7,"Sedentary",FALSE,FALSE
89634,"111853_1749724462_1_4032059#1749723117#160#Sedentary",1749723117,1749723277,160,"Sedentary",FALSE,FALSE
89635,"111853_1749724462_1_4032059#1749723277#57#Sedentary",1749723277,1749723334,57,"Sedentary",FALSE,FALSE
89636,"111853_1749724462_1_4032059#1749723334#36#Sedentary",1749723334,1749723370,36,"Sedentary",FALSE,FALSE
89637,"111853_1749724462_1_4032059#1749723370#10#Sedentary",1749723370,1749723380,10,"Sedentary",FALSE,FALSE
89638,"111853_1749724462_1_4032059#1749723380#9#Sedentary",1749723380,1749723389,9,"Sedentary",FALSE,FALSE
89639,"111853_1749724462_1_4032059#1749723389#18#Sedentary",1749723389,1749723407,18,"Sedentary",FALSE,FALSE
89640,"111853_1749724462_1_4032059#1749723407#52#Active",1749723407,1749723459,52,"Active",FALSE,FALSE
89641,"111853_1749724462_1_4032059#1749723459#42#Sedentary",1749723459,1749723501,42,"Sedentary",FALSE,FALSE
89642,"111853_1749724462_1_4032059#1749723501#22#Sedentary",1749723501,1749723523,22,"Sedentary",FALSE,FALSE
89643,"111853_1749724462_1_4032059#1749723523#26#Active",1749723523,1749723549,26,"Active",FALSE,FALSE
89644,"111853_1749724462_1_4032059#1749723549#6#Active",1749723549,1749723555,6,"Active",FALSE,FALSE
89645,"111853_1749724462_1_4032059#1749723555#10#Sedentary",1749723555,1749723565,10,"Sedentary",FALSE,FALSE
89646,"111853_1749724462_1_4032059#1749723565#11#Sedentary",1749723565,1749723576,11,"Sedentary",FALSE,FALSE
89647,"111853_1749724462_1_4032059#1749723576#47#Active",1749723576,1749723623,47,"Active",FALSE,FALSE
89648,"111853_1749724462_1_4032059#1749723623#17#Active",1749723623,1749723640,17,"Active",FALSE,FALSE
89649,"111853_1749724462_1_4032059#1749723640#20#Sedentary",1749723640,1749723660,20,"Sedentary",FALSE,FALSE
89650,"111853_1749724462_1_4032059#1749723660#27#Active",1749723660,1749723687,27,"Active",FALSE,FALSE
89651,"111853_1749724462_1_4032059#1749723687#43#Active",1749723687,1749723730,43,"Active",FALSE,FALSE
89652,"111853_1749724462_1_4032059#1749723730#100#SlowWalk",1749723730,1749723830,100,"SlowWalk",FALSE,FALSE
89653,"111853_1749724462_1_4032059#1749723830#38#Sedentary",1749723830,1749723868,38,"Sedentary",FALSE,FALSE
89654,"111853_1749724462_1_4032059#1749723868#5#Sedentary",1749723868,1749723873,5,"Sedentary",FALSE,FALSE
89655,"111853_1749724462_1_4032059#1749723873#19#Sedentary",1749723873,1749723892,19,"Sedentary",FALSE,FALSE
89656,"111853_1749724462_1_4032059#1749723892#50#Sedentary",1749723892,1749723942,50,"Sedentary",FALSE,FALSE
89657,"111853_1749724462_1_4032059#1749723942#58#Sedentary",1749723942,1749724000,58,"Sedentary",FALSE,FALSE
89658,"111853_1749724462_1_4032059#1749724000#93#Sedentary",1749724000,1749724093,93,"Sedentary",FALSE,FALSE
89659,"111853_1749724462_1_4032059#1749724093#22#Sedentary",1749724093,1749724115,22,"Sedentary",FALSE,FALSE
89660,"111853_1749724462_1_4032059#1749724115#39#Sedentary",1749724115,1749724154,39,"Sedentary",FALSE,FALSE
89661,"111853_1749724462_1_4032059#1749724154#25#Sedentary",1749724154,1749724179,25,"Sedentary",FALSE,FALSE
89662,"111853_1749724462_1_4032059#1749724179#23#Sedentary",1749724179,1749724202,23,"Sedentary",FALSE,FALSE
89663,"111853_1749724462_1_4032059#1749724202#48#Sedentary",1749724202,1749724250,48,"Sedentary",FALSE,FALSE
89664,"111853_1749724462_1_4032059#1749724250#22#Sedentary",1749724250,1749724272,22,"Sedentary",FALSE,FALSE
89665,"111853_1749724462_1_4032059#1749724272#40#Sedentary",1749724272,1749724312,40,"Sedentary",FALSE,FALSE
89666,"111853_1749724462_1_4032059#1749724312#35#Sedentary",1749724312,1749724347,35,"Sedentary",FALSE,FALSE
89667,"111853_1749724462_1_4032059#1749724347#98#Sedentary",1749724347,1749724445,98,"Sedentary",FALSE,FALSE
89668,"111853_1749724462_1_4032059#1749724445#52#Sedentary",1749724445,1749724497,52,"Sedentary",FALSE,FALSE
89669,"111853_1749724462_1_4032059#1749724497#30#Sedentary",1749724497,1749724527,30,"Sedentary",FALSE,FALSE
89670,"111853_1749724462_1_4032059#1749724527#11#Sedentary",1749724527,1749724538,11,"Sedentary",FALSE,FALSE
89671,"111853_1749724462_1_4032059#1749724538#18#Sedentary",1749724538,1749724556,18,"Sedentary",FALSE,FALSE
89672,"111853_1749724462_1_4032059#1749724556#46#Sedentary",1749724556,1749724602,46,"Sedentary",FALSE,FALSE
89673,"111853_1749724462_1_4032059#1749724602#14#Sedentary",1749724602,1749724616,14,"Sedentary",FALSE,FALSE
89674,"111853_1749724462_1_4032059#1749724616#42#Sedentary",1749724616,1749724658,42,"Sedentary",FALSE,FALSE
89675,"111853_1749724462_1_4032059#1749724658#10#Sedentary",1749724658,1749724668,10,"Sedentary",FALSE,FALSE
89676,"111853_1749724462_1_4032059#1749724668#45#Sedentary",1749724668,1749724713,45,"Sedentary",FALSE,FALSE
89677,"111853_1749724462_1_4032059#1749724713#17#Sedentary",1749724713,1749724730,17,"Sedentary",FALSE,FALSE
89678,"111853_1749724462_1_4032059#1749724730#20#Sedentary",1749724730,1749724750,20,"Sedentary",FALSE,FALSE
89679,"111853_1749724462_1_4032059#1749724750#32#Sedentary",1749724750,1749724782,32,"Sedentary",FALSE,FALSE
89680,"111853_1749724462_1_4032059#1749724782#16#Sedentary",1749724782,1749724798,16,"Sedentary",FALSE,FALSE
89681,"111853_1749724462_1_4032059#1749724798#33#Sedentary",1749724798,1749724831,33,"Sedentary",FALSE,FALSE
89682,"111853_1749724462_1_4032059#1749724831#46#Sedentary",1749724831,1749724877,46,"Sedentary",FALSE,FALSE
89683,"111853_1749724462_1_4032059#1749724877#44#Sedentary",1749724877,1749724921,44,"Sedentary",FALSE,FALSE
89684,"111853_1749724462_1_4032059#1749724921#33#Sedentary",1749724921,1749724954,33,"Sedentary",FALSE,FALSE
89685,"111853_1749724462_1_4032059#1749724954#10#Sedentary",1749724954,1749724964,10,"Sedentary",FALSE,FALSE
89686,"111853_1749724462_1_4032059#1749724964#24#Sedentary",1749724964,1749724988,24,"Sedentary",FALSE,FALSE
89687,"111853_1749724462_1_4032059#1749724988#11#Sedentary",1749724988,1749724999,11,"Sedentary",FALSE,FALSE
89688,"111853_1749724462_1_4032059#1749724999#53#Sedentary",1749724999,1749725052,53,"Sedentary",FALSE,FALSE
89689,"111853_1749724462_1_4032059#1749725052#34#Sedentary",1749725052,1749725086,34,"Sedentary",FALSE,FALSE
89690,"111853_1749724462_1_4032059#1749725086#28#Sedentary",1749725086,1749725114,28,"Sedentary",FALSE,FALSE
89691,"111853_1749724462_1_4032059#1749725114#10#Sedentary",1749725114,1749725124,10,"Sedentary",FALSE,FALSE
89692,"111853_1749724462_1_4032059#1749725124#44#Sedentary",1749725124,1749725168,44,"Sedentary",FALSE,FALSE
89693,"111853_1749724462_1_4032059#1749725168#19#Sedentary",1749725168,1749725187,19,"Sedentary",FALSE,FALSE
89694,"111853_1749724462_1_4032059#1749725187#9#Sedentary",1749725187,1749725196,9,"Sedentary",FALSE,FALSE
89695,"111853_1749724462_1_4032059#1749725196#21#Sedentary",1749725196,1749725217,21,"Sedentary",FALSE,FALSE
89696,"111853_1749724462_1_4032059#1749725217#44#Sedentary",1749725217,1749725261,44,"Sedentary",FALSE,FALSE
89697,"111853_1749724462_1_4032059#1749725261#6#Sedentary",1749725261,1749725267,6,"Sedentary",FALSE,FALSE
89698,"111853_1749724462_1_4032059#1749725267#11#Sedentary",1749725267,1749725278,11,"Sedentary",FALSE,FALSE
89699,"111853_1749724462_1_4032059#1749725278#18#Sedentary",1749725278,1749725296,18,"Sedentary",FALSE,FALSE
89700,"111853_1749724462_1_4032059#1749725296#28#Sedentary",1749725296,1749725324,28,"Sedentary",FALSE,FALSE
89701,"111853_1749724462_1_4032059#1749725324#59#Sedentary",1749725324,1749725383,59,"Sedentary",FALSE,FALSE
89702,"111853_1749724462_1_4032059#1749725383#20#Sedentary",1749725383,1749725403,20,"Sedentary",FALSE,FALSE
89703,"111853_1749724462_1_4032059#1749725403#11#Sedentary",1749725403,1749725414,11,"Sedentary",FALSE,FALSE
89704,"111853_1749724462_1_4032059#1749725414#58#SlowWalk",1749725414,1749725472,58,"SlowWalk",FALSE,FALSE
89705,"111853_1749724462_1_4032059#1749725472#7#Active",1749725472,1749725479,7,"Active",FALSE,FALSE
89706,"111853_1749724462_1_4032059#1749725479#43#Sedentary",1749725479,1749725522,43,"Sedentary",FALSE,FALSE
89707,"111853_1749724462_1_4032059#1749725522#11#Active",1749725522,1749725533,11,"Active",FALSE,FALSE
89708,"111853_1749724462_1_4032059#1749725533#7#Active",1749725533,1749725540,7,"Active",FALSE,FALSE
89709,"111853_1749724462_1_4032059#1749725540#26#Active",1749725540,1749725566,26,"Active",FALSE,FALSE
89710,"111853_1749724462_1_4032059#1749725566#117#Active",1749725566,1749725683,117,"Active",FALSE,FALSE
89711,"111853_1749724462_1_4032059#1749725683#267#Sedentary",1749725683,1749725950,267,"Sedentary",FALSE,FALSE
89712,"111853_1749724462_1_4032059#1749725950#10#Sedentary",1749725950,1749725960,10,"Sedentary",FALSE,FALSE
89713,"111853_1749724462_1_4032059#1749725960#53#Active",1749725960,1749726013,53,"Active",FALSE,FALSE
89714,"111853_1749724462_1_4032059#1749726013#12#Sedentary",1749726013,1749726025,12,"Sedentary",FALSE,FALSE
89715,"111853_1749724462_1_4032059#1749726025#34#Sedentary",1749726025,1749726059,34,"Sedentary",FALSE,FALSE
89716,"111853_1749724462_1_4032059#1749726059#27#Active",1749726059,1749726086,27,"Active",FALSE,FALSE
89717,"111853_1749724462_1_4032059#1749726086#23#Active",1749726086,1749726109,23,"Active",FALSE,FALSE
89718,"111853_1749724462_1_4032059#1749726109#10#Active",1749726109,1749726119,10,"Active",FALSE,FALSE
89719,"111853_1749724462_1_4032059#1749726119#98#Sedentary",1749726119,1749726217,98,"Sedentary",FALSE,FALSE
89720,"111853_1749724462_1_4032059#1749726217#17#Sedentary",1749726217,1749726234,17,"Sedentary",FALSE,FALSE
89721,"111853_1749724462_1_4032059#1749726234#9#Sedentary",1749726234,1749726243,9,"Sedentary",FALSE,FALSE
89722,"111853_1749724462_1_4032059#1749726243#20#Sedentary",1749726243,1749726263,20,"Sedentary",FALSE,FALSE
89723,"111853_1749724462_1_4032059#1749726263#39#Sedentary",1749726263,1749726302,39,"Sedentary",FALSE,FALSE
89724,"111853_1749724462_1_4032059#1749726302#31#Sedentary",1749726302,1749726333,31,"Sedentary",FALSE,FALSE
89725,"111853_1749724462_1_4032059#1749726333#8#Sedentary",1749726333,1749726341,8,"Sedentary",FALSE,FALSE
89726,"111853_1749724462_1_4032059#1749726341#14#Sedentary",1749726341,1749726355,14,"Sedentary",FALSE,FALSE
89727,"111853_1749724462_1_4032059#1749726355#16#Sedentary",1749726355,1749726371,16,"Sedentary",FALSE,FALSE
89728,"111853_1749724462_1_4032059#1749726371#86#Sedentary",1749726371,1749726457,86,"Sedentary",FALSE,FALSE
89729,"111853_1749724462_1_4032059#1749726457#9#Sedentary",1749726457,1749726466,9,"Sedentary",FALSE,FALSE
89730,"111853_1749724462_1_4032059#1749726466#10#Sedentary",1749726466,1749726476,10,"Sedentary",FALSE,FALSE
89731,"111853_1749724462_1_4032059#1749726476#54#Sedentary",1749726476,1749726530,54,"Sedentary",FALSE,FALSE
89732,"111853_1749724462_1_4032059#1749726530#5#Sedentary",1749726530,1749726535,5,"Sedentary",FALSE,FALSE
89733,"111853_1749724462_1_4032059#1749726535#20#Active",1749726535,1749726555,20,"Active",FALSE,FALSE
89734,"111853_1749724462_1_4032059#1749726555#16#Sedentary",1749726555,1749726571,16,"Sedentary",FALSE,FALSE
89735,"111853_1749724462_1_4032059#1749726571#82#Sedentary",1749726571,1749726653,82,"Sedentary",FALSE,FALSE
89736,"111853_1749724462_1_4032059#1749726653#31#Sedentary",1749726653,1749726684,31,"Sedentary",FALSE,FALSE
89737,"111853_1749724462_1_4032059#1749726684#12#Sedentary",1749726684,1749726696,12,"Sedentary",FALSE,FALSE
89738,"111853_1749724462_1_4032059#1749726696#11#Sedentary",1749726696,1749726707,11,"Sedentary",FALSE,FALSE
89739,"111853_1749724462_1_4032059#1749726707#115#Active",1749726707,1749726822,115,"Active",FALSE,FALSE
89740,"111853_1749724462_1_4032059#1749726822#19#Sedentary",1749726822,1749726841,19,"Sedentary",FALSE,FALSE
89741,"111853_1749724462_1_4032059#1749726841#163#Sedentary",1749726841,1749727004,163,"Sedentary",FALSE,FALSE
89742,"111853_1749724462_1_4032059#1749727004#13#Sedentary",1749727004,1749727017,13,"Sedentary",FALSE,FALSE
89743,"111853_1749724462_1_4032059#1749727017#96#Sedentary",1749727017,1749727113,96,"Sedentary",FALSE,FALSE
89744,"111853_1749724462_1_4032059#1749727113#7#Sedentary",1749727113,1749727120,7,"Sedentary",FALSE,FALSE
89745,"111853_1749724462_1_4032059#1749727120#60#Sedentary",1749727120,1749727180,60,"Sedentary",FALSE,FALSE
89746,"111853_1749724462_1_4032059#1749727180#48#Sedentary",1749727180,1749727228,48,"Sedentary",FALSE,FALSE
89747,"111853_1749724462_1_4032059#1749727228#27#Sedentary",1749727228,1749727255,27,"Sedentary",FALSE,FALSE
89748,"111853_1749724462_1_4032059#1749727255#211#Sedentary",1749727255,1749727466,211,"Sedentary",FALSE,FALSE
89749,"111853_1749724462_1_4032059#1749727466#13#Active",1749727466,1749727479,13,"Active",FALSE,FALSE
89750,"111853_1749724462_1_4032059#1749727479#23#Sedentary",1749727479,1749727502,23,"Sedentary",FALSE,FALSE
89751,"111853_1749724462_1_4032059#1749727502#56#Sedentary",1749727502,1749727558,56,"Sedentary",FALSE,FALSE
89752,"111853_1749724462_1_4032059#1749727558#10#Sedentary",1749727558,1749727568,10,"Sedentary",FALSE,FALSE
89753,"111853_1749724462_1_4032059#1749727568#29#Sedentary",1749727568,1749727597,29,"Sedentary",FALSE,FALSE
89754,"111853_1749724462_1_4032059#1749727597#45#Sedentary",1749727597,1749727642,45,"Sedentary",FALSE,FALSE
89755,"111853_1749724462_1_4032059#1749727642#39#Sedentary",1749727642,1749727681,39,"Sedentary",FALSE,FALSE
89756,"111853_1749724462_1_4032059#1749727681#64#Sedentary",1749727681,1749727745,64,"Sedentary",FALSE,FALSE
89757,"111853_1749724462_1_4032059#1749727745#9#Sedentary",1749727745,1749727754,9,"Sedentary",FALSE,FALSE
89758,"111853_1749724462_1_4032059#1749727754#15#Sedentary",1749727754,1749727769,15,"Sedentary",FALSE,FALSE
89759,"111853_1749724462_1_4032059#1749727769#27#Sedentary",1749727769,1749727796,27,"Sedentary",FALSE,FALSE
89760,"111853_1749724462_1_4032059#1749727796#16#Sedentary",1749727796,1749727812,16,"Sedentary",FALSE,FALSE
89761,"111853_1749724462_1_4032059#1749727812#24#Sedentary",1749727812,1749727836,24,"Sedentary",FALSE,FALSE
89762,"111853_1749724462_1_4032059#1749727836#20#Sedentary",1749727836,1749727856,20,"Sedentary",FALSE,FALSE
89763,"111853_1749724462_1_4032059#1749727856#29#Sedentary",1749727856,1749727885,29,"Sedentary",FALSE,FALSE
89764,"111853_1749724462_1_4032059#1749727885#24#Sedentary",1749727885,1749727909,24,"Sedentary",FALSE,FALSE
89765,"111853_1749724462_1_4032059#1749727909#81#Sedentary",1749727909,1749727990,81,"Sedentary",FALSE,FALSE
89766,"111853_1749724462_1_4032059#1749727990#11#Sedentary",1749727990,1749728001,11,"Sedentary",FALSE,FALSE
89767,"111853_1749724462_1_4032059#1749728001#18#Sedentary",1749728001,1749728019,18,"Sedentary",FALSE,FALSE
89768,"111853_1749724462_1_4032059#1749728019#34#Sedentary",1749728019,1749728053,34,"Sedentary",FALSE,FALSE
89769,"111853_1749724462_1_4032059#1749728053#24#Sedentary",1749728053,1749728077,24,"Sedentary",FALSE,FALSE
89770,"111853_1749724462_1_4032059#1749728077#5#Sedentary",1749728077,1749728082,5,"Sedentary",FALSE,FALSE
89771,"111853_1749724462_1_4032059#1749728082#23#Sedentary",1749728082,1749728105,23,"Sedentary",FALSE,FALSE
89772,"111853_1749724462_1_4032059#1749728105#67#Sedentary",1749728105,1749728172,67,"Sedentary",FALSE,FALSE
89773,"111853_1749724462_1_4032059#1749728172#30#Sedentary",1749728172,1749728202,30,"Sedentary",FALSE,FALSE
89774,"111853_1749724462_1_4032059#1749728202#11#Sedentary",1749728202,1749728213,11,"Sedentary",FALSE,FALSE
89775,"111853_1749724462_1_4032059#1749728213#26#Sedentary",1749728213,1749728239,26,"Sedentary",FALSE,FALSE
89776,"111853_1749724462_1_4032059#1749728239#15#Sedentary",1749728239,1749728254,15,"Sedentary",FALSE,FALSE
89777,"111853_1749724462_1_4032059#1749728254#18#Active",1749728254,1749728272,18,"Active",FALSE,FALSE
89778,"111853_1749724462_1_4032059#1749728272#29#Sedentary",1749728272,1749728301,29,"Sedentary",FALSE,FALSE
89779,"111853_1749724462_1_4032059#1749728301#55#Sedentary",1749728301,1749728356,55,"Sedentary",FALSE,FALSE
89780,"111853_1749724462_1_4032059#1749728356#23#Active",1749728356,1749728379,23,"Active",FALSE,FALSE
89781,"111853_1749724462_1_4032059#1749728379#18#Sedentary",1749728379,1749728397,18,"Sedentary",FALSE,FALSE
89782,"111853_1749724462_1_4032059#1749728397#12#Sedentary",1749728397,1749728409,12,"Sedentary",FALSE,FALSE
89783,"111853_1749724462_1_4032059#1749728409#21#Sedentary",1749728409,1749728430,21,"Sedentary",FALSE,FALSE
89784,"111853_1749724462_1_4032059#1749728430#45#Sedentary",1749728430,1749728475,45,"Sedentary",FALSE,FALSE
89785,"111853_1749724462_1_4032059#1749728475#42#Sedentary",1749728475,1749728517,42,"Sedentary",FALSE,FALSE
89786,"111853_1749724462_1_4032059#1749728517#141#Sedentary",1749728517,1749728658,141,"Sedentary",FALSE,FALSE
89787,"111853_1749724462_1_4032059#1749728658#113#Sedentary",1749728658,1749728771,113,"Sedentary",FALSE,FALSE
89788,"111853_1749724462_1_4032059#1749728771#7#Sedentary",1749728771,1749728778,7,"Sedentary",FALSE,FALSE
89789,"111853_1749724462_1_4032059#1749728778#40#Sedentary",1749728778,1749728818,40,"Sedentary",FALSE,FALSE
89790,"111853_1749724462_1_4032059#1749728818#55#Sedentary",1749728818,1749728873,55,"Sedentary",FALSE,FALSE
89791,"111853_1749724462_1_4032059#1749728873#35#Sedentary",1749728873,1749728908,35,"Sedentary",FALSE,FALSE
89792,"111853_1749724462_1_4032059#1749728908#28#Sedentary",1749728908,1749728936,28,"Sedentary",FALSE,FALSE
89793,"111853_1749724462_1_4032059#1749728936#9#Sedentary",1749728936,1749728945,9,"Sedentary",FALSE,FALSE
89794,"111853_1749724462_1_4032059#1749728945#24#Sedentary",1749728945,1749728969,24,"Sedentary",FALSE,FALSE
89795,"111853_1749724462_1_4032059#1749728969#30#Sedentary",1749728969,1749728999,30,"Sedentary",FALSE,FALSE
89796,"111853_1749724462_1_4032059#1749728999#78#Sedentary",1749728999,1749729077,78,"Sedentary",FALSE,FALSE
89797,"111853_1749724462_1_4032059#1749729077#16#Sedentary",1749729077,1749729093,16,"Sedentary",FALSE,FALSE
89798,"111853_1749724462_1_4032059#1749729093#13#Active",1749729093,1749729106,13,"Active",FALSE,FALSE
89799,"111853_1749724462_1_4032059#1749729106#42#Sedentary",1749729106,1749729148,42,"Sedentary",FALSE,FALSE
89800,"111853_1749724462_1_4032059#1749729148#14#Sedentary",1749729148,1749729162,14,"Sedentary",FALSE,FALSE
89801,"111853_1749724462_1_4032059#1749729162#38#Sedentary",1749729162,1749729200,38,"Sedentary",FALSE,FALSE
89802,"111853_1749724462_1_4032059#1749729200#23#Sedentary",1749729200,1749729223,23,"Sedentary",FALSE,FALSE
89803,"111853_1749724462_1_4032059#1749729223#20#Sedentary",1749729223,1749729243,20,"Sedentary",FALSE,FALSE
89804,"111853_1749724462_1_4032059#1749729243#9#Sedentary",1749729243,1749729252,9,"Sedentary",FALSE,FALSE
89805,"111853_1749724462_1_4032059#1749729252#28#Sedentary",1749729252,1749729280,28,"Sedentary",FALSE,FALSE
89806,"111853_1749724462_1_4032059#1749729280#6#Sedentary",1749729280,1749729286,6,"Sedentary",FALSE,FALSE
89807,"111853_1749724462_1_4032059#1749729286#9#Sedentary",1749729286,1749729295,9,"Sedentary",FALSE,FALSE
89808,"111853_1749724462_1_4032059#1749729295#30#Sedentary",1749729295,1749729325,30,"Sedentary",FALSE,FALSE
89809,"111853_1749724462_1_4032059#1749729325#17#Sedentary",1749729325,1749729342,17,"Sedentary",FALSE,FALSE
89810,"111853_1749724462_1_4032059#1749729342#18#Sedentary",1749729342,1749729360,18,"Sedentary",FALSE,FALSE
89811,"111853_1749724462_1_4032059#1749729360#42#Sedentary",1749729360,1749729402,42,"Sedentary",FALSE,FALSE
89812,"111853_1749724462_1_4032059#1749729402#12#Active",1749729402,1749729414,12,"Active",FALSE,FALSE
89813,"111853_1749724462_1_4032059#1749729414#120#Active",1749729414,1749729534,120,"Active",FALSE,FALSE
89814,"111853_1749724462_1_4032059#1749729534#78#Active",1749729534,1749729612,78,"Active",FALSE,FALSE
89815,"111853_1749724462_1_4032059#1749729612#108#SlowWalk",1749729612,1749729720,108,"SlowWalk",FALSE,FALSE
89816,"111853_1749724462_1_4032059#1749729720#46#Active",1749729720,1749729766,46,"Active",FALSE,FALSE
89817,"111853_1749724462_1_4032059#1749729766#14#Active",1749729766,1749729780,14,"Active",FALSE,FALSE
89818,"111853_1749724462_1_4032059#1749729780#47#Sedentary",1749729780,1749729827,47,"Sedentary",FALSE,FALSE
89819,"111853_1749724462_1_4032059#1749729827#21#Sedentary",1749729827,1749729848,21,"Sedentary",FALSE,FALSE
89820,"111853_1749724462_1_4032059#1749729848#12#Sedentary",1749729848,1749729860,12,"Sedentary",FALSE,FALSE
89821,"111853_1749724462_1_4032059#1749729860#47#Sedentary",1749729860,1749729907,47,"Sedentary",FALSE,FALSE
89822,"111853_1749724462_1_4032059#1749729907#90#SlowWalk",1749729907,1749729997,90,"SlowWalk",FALSE,FALSE
89823,"111853_1749724462_1_4032059#1749729997#127#Active",1749729997,1749730124,127,"Active",FALSE,FALSE
89824,"111853_1749724462_1_4032059#1749730124#43#Sedentary",1749730124,1749730167,43,"Sedentary",FALSE,FALSE
89825,"111853_1749724462_1_4032059#1749730167#106#Active",1749730167,1749730273,106,"Active",FALSE,FALSE
89826,"111853_1749724462_1_4032059#1749730273#27#Sedentary",1749730273,1749730300,27,"Sedentary",FALSE,FALSE
89827,"111853_1749724462_1_4032059#1749730300#55#Sedentary",1749730300,1749730355,55,"Sedentary",FALSE,FALSE
89828,"111853_1749724462_1_4032059#1749730355#65#Sedentary",1749730355,1749730420,65,"Sedentary",FALSE,FALSE
89829,"111853_1749724462_1_4032059#1749730420#19#Sedentary",1749730420,1749730439,19,"Sedentary",FALSE,FALSE
89830,"111853_1749724462_1_4032059#1749730439#35#Sedentary",1749730439,1749730474,35,"Sedentary",FALSE,FALSE
89831,"111853_1749724462_1_4032059#1749730474#6#Sedentary",1749730474,1749730480,6,"Sedentary",FALSE,FALSE
89832,"111853_1749724462_1_4032059#1749730480#21#Sedentary",1749730480,1749730501,21,"Sedentary",FALSE,FALSE
89833,"111853_1749724462_1_4032059#1749730501#12#Sedentary",1749730501,1749730513,12,"Sedentary",FALSE,FALSE
89834,"111853_1749724462_1_4032059#1749730513#46#Sedentary",1749730513,1749730559,46,"Sedentary",FALSE,FALSE
89835,"111853_1749724462_1_4032059#1749730559#18#Sedentary",1749730559,1749730577,18,"Sedentary",FALSE,FALSE
89836,"111853_1749724462_1_4032059#1749730577#15#Sedentary",1749730577,1749730592,15,"Sedentary",FALSE,FALSE
89837,"111853_1749724462_1_4032059#1749730592#6#Sedentary",1749730592,1749730598,6,"Sedentary",FALSE,FALSE
89838,"111853_1749724462_1_4032059#1749730598#21#Sedentary",1749730598,1749730619,21,"Sedentary",FALSE,FALSE
89839,"111853_1749724462_1_4032059#1749730619#47#Sedentary",1749730619,1749730666,47,"Sedentary",FALSE,FALSE
89840,"111853_1749724462_1_4032059#1749730666#27#Sedentary",1749730666,1749730693,27,"Sedentary",FALSE,FALSE
89841,"111853_1749724462_1_4032059#1749730693#32#Sedentary",1749730693,1749730725,32,"Sedentary",FALSE,FALSE
89842,"111853_1749724462_1_4032059#1749730725#22#Sedentary",1749730725,1749730747,22,"Sedentary",FALSE,FALSE
89843,"111853_1749724462_1_4032059#1749730747#47#Sedentary",1749730747,1749730794,47,"Sedentary",FALSE,FALSE
89844,"111853_1749724462_1_4032059#1749730794#14#Sedentary",1749730794,1749730808,14,"Sedentary",FALSE,FALSE
89845,"111853_1749724462_1_4032059#1749730808#44#Sedentary",1749730808,1749730852,44,"Sedentary",FALSE,FALSE
89846,"111853_1749724462_1_4032059#1749730852#42#Sedentary",1749730852,1749730894,42,"Sedentary",FALSE,FALSE
89847,"111853_1749724462_1_4032059#1749730894#7#Active",1749730894,1749730901,7,"Active",FALSE,FALSE
89848,"111853_1749724462_1_4032059#1749730901#5#Sedentary",1749730901,1749730906,5,"Sedentary",FALSE,FALSE
89849,"111853_1749724462_1_4032059#1749730906#30#Sedentary",1749730906,1749730936,30,"Sedentary",FALSE,FALSE
89850,"111853_1749724462_1_4032059#1749730936#18#Sedentary",1749730936,1749730954,18,"Sedentary",FALSE,FALSE
89851,"111853_1749724462_1_4032059#1749730954#24#Sedentary",1749730954,1749730978,24,"Sedentary",FALSE,FALSE
89852,"111853_1749724462_1_4032059#1749730978#42#Sedentary",1749730978,1749731020,42,"Sedentary",FALSE,FALSE
89853,"111853_1749724462_1_4032059#1749731020#89#Active",1749731020,1749731109,89,"Active",FALSE,FALSE
89854,"111853_1749724462_1_4032059#1749731109#21#Active",1749731109,1749731130,21,"Active",FALSE,FALSE
89855,"111853_1749724462_1_4032059#1749731130#7#Active",1749731130,1749731137,7,"Active",FALSE,FALSE
89856,"111853_1749724462_1_4032059#1749731137#37#Sedentary",1749731137,1749731174,37,"Sedentary",FALSE,FALSE
89857,"111853_1749724462_1_4032059#1749731174#39#Active",1749731174,1749731213,39,"Active",FALSE,FALSE
89858,"111853_1749724462_1_4032059#1749731213#7#Sedentary",1749731213,1749731220,7,"Sedentary",FALSE,FALSE
89859,"111853_1749724462_1_4032059#1749731220#35#Sedentary",1749731220,1749731255,35,"Sedentary",FALSE,FALSE
89860,"111853_1749724462_1_4032059#1749731255#36#Sedentary",1749731255,1749731291,36,"Sedentary",FALSE,FALSE
89861,"111853_1749724462_1_4032059#1749731291#24#Sedentary",1749731291,1749731315,24,"Sedentary",FALSE,FALSE
89862,"111853_1749724462_1_4032059#1749731315#21#Sedentary",1749731315,1749731336,21,"Sedentary",FALSE,FALSE
89863,"111853_1749724462_1_4032059#1749731336#33#Sedentary",1749731336,1749731369,33,"Sedentary",FALSE,FALSE
89864,"111853_1749724462_1_4032059#1749731369#8#Sedentary",1749731369,1749731377,8,"Sedentary",FALSE,FALSE
89865,"111853_1749724462_1_4032059#1749731377#33#Sedentary",1749731377,1749731410,33,"Sedentary",FALSE,FALSE
89866,"111853_1749724462_1_4032059#1749731410#21#Sedentary",1749731410,1749731431,21,"Sedentary",FALSE,FALSE
89867,"111853_1749724462_1_4032059#1749731431#118#Sedentary",1749731431,1749731549,118,"Sedentary",FALSE,FALSE
89868,"111853_1749724462_1_4032059#1749731549#14#Sedentary",1749731549,1749731563,14,"Sedentary",FALSE,FALSE
89869,"111853_1749724462_1_4032059#1749731563#17#Sedentary",1749731563,1749731580,17,"Sedentary",FALSE,FALSE
89870,"111853_1749724462_1_4032059#1749731580#48#Sedentary",1749731580,1749731628,48,"Sedentary",FALSE,FALSE
89871,"111853_1749724462_1_4032059#1749731628#32#Sedentary",1749731628,1749731660,32,"Sedentary",FALSE,FALSE
89872,"111853_1749724462_1_4032059#1749731660#8#Sedentary",1749731660,1749731668,8,"Sedentary",FALSE,FALSE
89873,"111853_1749724462_1_4032059#1749731668#25#Sedentary",1749731668,1749731693,25,"Sedentary",FALSE,FALSE
89874,"111853_1749724462_1_4032059#1749731693#24#Sedentary",1749731693,1749731717,24,"Sedentary",FALSE,FALSE
89875,"111853_1749724462_1_4032059#1749731717#6#Sedentary",1749731717,1749731723,6,"Sedentary",FALSE,FALSE
89876,"111853_1749724462_1_4032059#1749731723#17#Sedentary",1749731723,1749731740,17,"Sedentary",FALSE,FALSE
89877,"111853_1749724462_1_4032059#1749731740#14#Sedentary",1749731740,1749731754,14,"Sedentary",FALSE,FALSE
89878,"111853_1749724462_1_4032059#1749731754#18#Sedentary",1749731754,1749731772,18,"Sedentary",FALSE,FALSE
89879,"111853_1749724462_1_4032059#1749731772#7#Sedentary",1749731772,1749731779,7,"Sedentary",FALSE,FALSE
89880,"111853_1749724462_1_4032059#1749731779#74#Sedentary",1749731779,1749731853,74,"Sedentary",FALSE,FALSE
89881,"111853_1749724462_1_4032059#1749731853#31#Sedentary",1749731853,1749731884,31,"Sedentary",FALSE,FALSE
89882,"111853_1749724462_1_4032059#1749731884#10#Sedentary",1749731884,1749731894,10,"Sedentary",FALSE,FALSE
89883,"111853_1749724462_1_4032059#1749731894#22#Sedentary",1749731894,1749731916,22,"Sedentary",FALSE,FALSE
89884,"111853_1749724462_1_4032059#1749731916#6#Sedentary",1749731916,1749731922,6,"Sedentary",FALSE,FALSE
89885,"111853_1749724462_1_4032059#1749731922#42#Sedentary",1749731922,1749731964,42,"Sedentary",FALSE,FALSE
89886,"111853_1749724462_1_4032059#1749731964#34#Sedentary",1749731964,1749731998,34,"Sedentary",FALSE,FALSE
89887,"111853_1749724462_1_4032059#1749731998#6#Sedentary",1749731998,1749732004,6,"Sedentary",FALSE,FALSE
89888,"111853_1749724462_1_4032059#1749732004#13#Sedentary",1749732004,1749732017,13,"Sedentary",FALSE,FALSE
89889,"111853_1749724462_1_4032059#1749732017#8#Sedentary",1749732017,1749732025,8,"Sedentary",FALSE,FALSE
89890,"111853_1749724462_1_4032059#1749732025#12#Sedentary",1749732025,1749732037,12,"Sedentary",FALSE,FALSE
89891,"111853_1749724462_1_4032059#1749732037#14#Active",1749732037,1749732051,14,"Active",FALSE,FALSE
89892,"111853_1749724462_1_4032059#1749732051#14#Sedentary",1749732051,1749732065,14,"Sedentary",FALSE,FALSE
89893,"111853_1749724462_1_4032059#1749732065#18#Sedentary",1749732065,1749732083,18,"Sedentary",FALSE,FALSE
89894,"111853_1749724462_1_4032059#1749732083#28#Sedentary",1749732083,1749732111,28,"Sedentary",FALSE,FALSE
89895,"111853_1749724462_1_4032059#1749732111#38#Sedentary",1749732111,1749732149,38,"Sedentary",FALSE,FALSE
89896,"111853_1749724462_1_4032059#1749732149#16#Sedentary",1749732149,1749732165,16,"Sedentary",FALSE,FALSE
89897,"111853_1749724462_1_4032059#1749732165#27#Sedentary",1749732165,1749732192,27,"Sedentary",FALSE,FALSE
89898,"111853_1749724462_1_4032059#1749732192#13#Sedentary",1749732192,1749732205,13,"Sedentary",FALSE,FALSE
89899,"111853_1749724462_1_4032059#1749732205#9#Active",1749732205,1749732214,9,"Active",FALSE,FALSE
89900,"111853_1749724462_1_4032059#1749732214#34#Sedentary",1749732214,1749732248,34,"Sedentary",FALSE,FALSE
89901,"111853_1749724462_1_4032059#1749732248#158#Sedentary",1749732248,1749732406,158,"Sedentary",FALSE,FALSE
89902,"111853_1749724462_1_4032059#1749732406#18#Sedentary",1749732406,1749732424,18,"Sedentary",FALSE,FALSE
89903,"111853_1749724462_1_4032059#1749732424#24#Sedentary",1749732424,1749732448,24,"Sedentary",FALSE,FALSE
89904,"111853_1749724462_1_4032059#1749732448#16#Sedentary",1749732448,1749732464,16,"Sedentary",FALSE,FALSE
89905,"111853_1749724462_1_4032059#1749732464#46#Sedentary",1749732464,1749732510,46,"Sedentary",FALSE,FALSE
89906,"111853_1749724462_1_4032059#1749732510#23#Sedentary",1749732510,1749732533,23,"Sedentary",FALSE,FALSE
89907,"111853_1749724462_1_4032059#1749732533#5#Sedentary",1749732533,1749732538,5,"Sedentary",FALSE,FALSE
89908,"111853_1749724462_1_4032059#1749732538#18#Sedentary",1749732538,1749732556,18,"Sedentary",FALSE,FALSE
89909,"111853_1749724462_1_4032059#1749732556#30#Sedentary",1749732556,1749732586,30,"Sedentary",FALSE,FALSE
89910,"111853_1749724462_1_4032059#1749732586#14#Sedentary",1749732586,1749732600,14,"Sedentary",FALSE,FALSE
89911,"111853_1749724462_1_4032059#1749732600#13#Sedentary",1749732600,1749732613,13,"Sedentary",FALSE,FALSE
89912,"111853_1749724462_1_4032059#1749732613#30#Sedentary",1749732613,1749732643,30,"Sedentary",FALSE,FALSE
89913,"111853_1749724462_1_4032059#1749732643#24#Sedentary",1749732643,1749732667,24,"Sedentary",FALSE,FALSE
89914,"111853_1749724462_1_4032059#1749732667#51#Sedentary",1749732667,1749732718,51,"Sedentary",FALSE,FALSE
89915,"111853_1749724462_1_4032059#1749732718#6#Sedentary",1749732718,1749732724,6,"Sedentary",FALSE,FALSE
89916,"111853_1749724462_1_4032059#1749732724#28#Sedentary",1749732724,1749732752,28,"Sedentary",FALSE,FALSE
89917,"111853_1749724462_1_4032059#1749732752#59#Sedentary",1749732752,1749732811,59,"Sedentary",FALSE,FALSE
89918,"111853_1749724462_1_4032059#1749732811#48#Sedentary",1749732811,1749732859,48,"Sedentary",FALSE,FALSE
89919,"111853_1749724462_1_4032059#1749732859#97#Sedentary",1749732859,1749732956,97,"Sedentary",FALSE,FALSE
89920,"111853_1749724462_1_4032059#1749732956#21#Sedentary",1749732956,1749732977,21,"Sedentary",FALSE,FALSE
89921,"111853_1749724462_1_4032059#1749732977#26#Sedentary",1749732977,1749733003,26,"Sedentary",FALSE,FALSE
89922,"111853_1749724462_1_4032059#1749733003#19#Sedentary",1749733003,1749733022,19,"Sedentary",FALSE,FALSE
89923,"111853_1749724462_1_4032059#1749733022#10#Sedentary",1749733022,1749733032,10,"Sedentary",FALSE,FALSE
89924,"111853_1749724462_1_4032059#1749733032#20#Sedentary",1749733032,1749733052,20,"Sedentary",FALSE,FALSE
89925,"111853_1749724462_1_4032059#1749733052#21#Sedentary",1749733052,1749733073,21,"Sedentary",FALSE,FALSE
89926,"111853_1749724462_1_4032059#1749733073#23#Sedentary",1749733073,1749733096,23,"Sedentary",FALSE,FALSE
89927,"111853_1749724462_1_4032059#1749733096#8#Sedentary",1749733096,1749733104,8,"Sedentary",FALSE,FALSE
89928,"111853_1749724462_1_4032059#1749733104#45#Sedentary",1749733104,1749733149,45,"Sedentary",FALSE,FALSE
89929,"111853_1749724462_1_4032059#1749733149#13#Sedentary",1749733149,1749733162,13,"Sedentary",FALSE,FALSE
89930,"111853_1749724462_1_4032059#1749733162#18#Sedentary",1749733162,1749733180,18,"Sedentary",FALSE,FALSE
89931,"111853_1749724462_1_4032059#1749733180#32#Sedentary",1749733180,1749733212,32,"Sedentary",FALSE,FALSE
89932,"111853_1749724462_1_4032059#1749733212#15#Sedentary",1749733212,1749733227,15,"Sedentary",FALSE,FALSE
89933,"111853_1749724462_1_4032059#1749733227#8#Sedentary",1749733227,1749733235,8,"Sedentary",FALSE,FALSE
89934,"111853_1749724462_1_4032059#1749733235#9#Sedentary",1749733235,1749733244,9,"Sedentary",FALSE,FALSE
89935,"111853_1749724462_1_4032059#1749733244#10#Sedentary",1749733244,1749733254,10,"Sedentary",FALSE,FALSE
89936,"111853_1749724462_1_4032059#1749733254#16#Sedentary",1749733254,1749733270,16,"Sedentary",FALSE,FALSE
89937,"111853_1749724462_1_4032059#1749733270#28#Sedentary",1749733270,1749733298,28,"Sedentary",FALSE,FALSE
89938,"111853_1749724462_1_4032059#1749733298#38#Sedentary",1749733298,1749733336,38,"Sedentary",FALSE,FALSE
89939,"111853_1749724462_1_4032059#1749733336#8#Sedentary",1749733336,1749733344,8,"Sedentary",FALSE,FALSE
89940,"111853_1749724462_1_4032059#1749733344#85#Sedentary",1749733344,1749733429,85,"Sedentary",FALSE,FALSE
89941,"111853_1749724462_1_4032059#1749733429#26#Sedentary",1749733429,1749733455,26,"Sedentary",FALSE,FALSE
89942,"111853_1749724462_1_4032059#1749733455#12#Sedentary",1749733455,1749733467,12,"Sedentary",FALSE,FALSE
89943,"111853_1749724462_1_4032059#1749733467#13#Sedentary",1749733467,1749733480,13,"Sedentary",FALSE,FALSE
89944,"111853_1749724462_1_4032059#1749733480#7#Active",1749733480,1749733487,7,"Active",FALSE,FALSE
89945,"111853_1749724462_1_4032059#1749733487#8#Sedentary",1749733487,1749733495,8,"Sedentary",FALSE,FALSE
89946,"111853_1749724462_1_4032059#1749733495#23#Sedentary",1749733495,1749733518,23,"Sedentary",FALSE,FALSE
89947,"111853_1749724462_1_4032059#1749733518#15#Active",1749733518,1749733533,15,"Active",FALSE,FALSE
89948,"111853_1749724462_1_4032059#1749733533#189#Active",1749733533,1749733722,189,"Active",FALSE,FALSE
89949,"111853_1749724462_1_4032059#1749733722#128#Sedentary",1749733722,1749733850,128,"Sedentary",FALSE,FALSE
89950,"111853_1749724462_1_4032059#1749733850#49#Sedentary",1749733850,1749733899,49,"Sedentary",FALSE,FALSE
89951,"111853_1749724462_1_4032059#1749733899#215#Active",1749733899,1749734114,215,"Active",FALSE,FALSE
89952,"111853_1749724462_1_4032059#1749734114#9#Active",1749734114,1749734123,9,"Active",FALSE,FALSE
89953,"111853_1749724462_1_4032059#1749734123#199#Active",1749734123,1749734322,199,"Active",FALSE,FALSE
89954,"111853_1749724462_1_4032059#1749734322#12#Active",1749734322,1749734334,12,"Active",FALSE,FALSE
89955,"111853_1749724462_1_4032059#1749734334#38#Active",1749734334,1749734372,38,"Active",FALSE,FALSE
89956,"111853_1749724462_1_4032059#1749734372#72#Active",1749734372,1749734444,72,"Active",FALSE,FALSE
89957,"111853_1749724462_1_4032059#1749734444#81#Sedentary",1749734444,1749734525,81,"Sedentary",FALSE,FALSE
89958,"111853_1749724462_1_4032059#1749734525#5#Sedentary",1749734525,1749734530,5,"Sedentary",FALSE,FALSE
89959,"111853_1749724462_1_4032059#1749734530#23#Active",1749734530,1749734553,23,"Active",FALSE,FALSE
89960,"111853_1749724462_1_4032059#1749734553#102#SlowWalk",1749734553,1749734655,102,"SlowWalk",FALSE,FALSE
89961,"111853_1749724462_1_4032059#1749734655#22#Active",1749734655,1749734677,22,"Active",FALSE,FALSE
89962,"111853_1749724462_1_4032059#1749734677#45#Active",1749734677,1749734722,45,"Active",FALSE,FALSE
89963,"111853_1749724462_1_4032059#1749734722#85#Active",1749734722,1749734807,85,"Active",FALSE,FALSE
89964,"111853_1749724462_1_4032059#1749734807#147#Active",1749734807,1749734954,147,"Active",FALSE,FALSE
89965,"111853_1749724462_1_4032059#1749734954#22#Sedentary",1749734954,1749734976,22,"Sedentary",FALSE,FALSE
89966,"111853_1749724462_1_4032059#1749734976#32#Active",1749734976,1749735008,32,"Active",FALSE,FALSE
89967,"111853_1749724462_1_4032059#1749735008#9#Sedentary",1749735008,1749735017,9,"Sedentary",FALSE,FALSE
89968,"111853_1749724462_1_4032059#1749735017#137#Active",1749735017,1749735154,137,"Active",FALSE,FALSE
89969,"111853_1749724462_1_4032059#1749735154#26#Active",1749735154,1749735180,26,"Active",FALSE,FALSE
89970,"111853_1749724462_1_4032059#1749735180#42#Sedentary",1749735180,1749735222,42,"Sedentary",FALSE,FALSE
89971,"111853_1749724462_1_4032059#1749735222#10#Sedentary",1749735222,1749735232,10,"Sedentary",FALSE,FALSE
89972,"111853_1749724462_1_4032059#1749735232#28#Sedentary",1749735232,1749735260,28,"Sedentary",FALSE,FALSE
89973,"111853_1749724462_1_4032059#1749735260#91#Active",1749735260,1749735351,91,"Active",FALSE,FALSE
89974,"111853_1749724462_1_4032059#1749735351#63#Sedentary",1749735351,1749735414,63,"Sedentary",FALSE,FALSE
89975,"111853_1749724462_1_4032059#1749735414#43#Sedentary",1749735414,1749735457,43,"Sedentary",FALSE,FALSE
89976,"111853_1749724462_1_4032059#1749735457#41#Sedentary",1749735457,1749735498,41,"Sedentary",FALSE,FALSE
89977,"111853_1749724462_1_4032059#1749735498#8#Sedentary",1749735498,1749735506,8,"Sedentary",FALSE,FALSE
89978,"111853_1749724462_1_4032059#1749735506#7#Sedentary",1749735506,1749735513,7,"Sedentary",FALSE,FALSE
89979,"111853_1749724462_1_4032059#1749735513#19#Sedentary",1749735513,1749735532,19,"Sedentary",FALSE,FALSE
89980,"111853_1749724462_1_4032059#1749735532#38#Sedentary",1749735532,1749735570,38,"Sedentary",FALSE,FALSE
89981,"111853_1749724462_1_4032059#1749735570#27#Sedentary",1749735570,1749735597,27,"Sedentary",FALSE,FALSE
89982,"111853_1749724462_1_4032059#1749735597#10#Sedentary",1749735597,1749735607,10,"Sedentary",FALSE,FALSE
89983,"111853_1749724462_1_4032059#1749735607#19#Sedentary",1749735607,1749735626,19,"Sedentary",FALSE,FALSE
89984,"111853_1749724462_1_4032059#1749735626#21#Sedentary",1749735626,1749735647,21,"Sedentary",FALSE,FALSE
89985,"111853_1749724462_1_4032059#1749735647#22#Sedentary",1749735647,1749735669,22,"Sedentary",FALSE,FALSE
89986,"111853_1749724462_1_4032059#1749735669#17#Sedentary",1749735669,1749735686,17,"Sedentary",FALSE,FALSE
89987,"111853_1749724462_1_4032059#1749735686#23#Sedentary",1749735686,1749735709,23,"Sedentary",FALSE,FALSE
89988,"111853_1749724462_1_4032059#1749735709#5#Sedentary",1749735709,1749735714,5,"Sedentary",FALSE,FALSE
89989,"111853_1749724462_1_4032059#1749735714#66#Sedentary",1749735714,1749735780,66,"Sedentary",FALSE,FALSE
89990,"111853_1749724462_1_4032059#1749735780#11#Sedentary",1749735780,1749735791,11,"Sedentary",FALSE,FALSE
89991,"111853_1749724462_1_4032059#1749735791#51#Sedentary",1749735791,1749735842,51,"Sedentary",FALSE,FALSE
89992,"111853_1749724462_1_4032059#1749735842#31#Sedentary",1749735842,1749735873,31,"Sedentary",FALSE,FALSE
89993,"111853_1749724462_1_4032059#1749735873#21#Sedentary",1749735873,1749735894,21,"Sedentary",FALSE,FALSE
89994,"111853_1749724462_1_4032059#1749735894#5#Sedentary",1749735894,1749735899,5,"Sedentary",FALSE,FALSE
89995,"111853_1749724462_1_4032059#1749735899#13#Sedentary",1749735899,1749735912,13,"Sedentary",FALSE,FALSE
89996,"111853_1749724462_1_4032059#1749735912#7#Sedentary",1749735912,1749735919,7,"Sedentary",FALSE,FALSE
89997,"111853_1749724462_1_4032059#1749735919#8#Sedentary",1749735919,1749735927,8,"Sedentary",FALSE,FALSE
89998,"111853_1749724462_1_4032059#1749735927#49#Sedentary",1749735927,1749735976,49,"Sedentary",FALSE,FALSE
89999,"111853_1749724462_1_4032059#1749735976#10#Sedentary",1749735976,1749735986,10,"Sedentary",FALSE,FALSE
90000,"111853_1749724462_1_4032059#1749735986#41#Sedentary",1749735986,1749736027,41,"Sedentary",FALSE,FALSE
90001,"111853_1749724462_1_4032059#1749736027#24#Sedentary",1749736027,1749736051,24,"Sedentary",FALSE,FALSE
90002,"111853_1749724462_1_4032059#1749736051#13#Sedentary",1749736051,1749736064,13,"Sedentary",FALSE,FALSE
90003,"111853_1749724462_1_4032059#1749736064#11#Sedentary",1749736064,1749736075,11,"Sedentary",FALSE,FALSE
90004,"111853_1749724462_1_4032059#1749736075#8#Sedentary",1749736075,1749736083,8,"Sedentary",FALSE,FALSE
90005,"111853_1749724462_1_4032059#1749736083#16#Sedentary",1749736083,1749736099,16,"Sedentary",FALSE,FALSE
90006,"111853_1749724462_1_4032059#1749736099#10#Sedentary",1749736099,1749736109,10,"Sedentary",FALSE,FALSE
90007,"111853_1749724462_1_4032059#1749736109#19#Sedentary",1749736109,1749736128,19,"Sedentary",FALSE,FALSE
90008,"111853_1749724462_1_4032059#1749736128#55#Sedentary",1749736128,1749736183,55,"Sedentary",FALSE,FALSE
90009,"111853_1749724462_1_4032059#1749736183#28#Sedentary",1749736183,1749736211,28,"Sedentary",FALSE,FALSE
90010,"111853_1749724462_1_4032059#1749736211#32#Sedentary",1749736211,1749736243,32,"Sedentary",FALSE,FALSE
90011,"111853_1749724462_1_4032059#1749736243#15#Sedentary",1749736243,1749736258,15,"Sedentary",FALSE,FALSE
90012,"111853_1749724462_1_4032059#1749736258#9#Sedentary",1749736258,1749736267,9,"Sedentary",FALSE,FALSE
90013,"111853_1749724462_1_4032059#1749736267#27#Sedentary",1749736267,1749736294,27,"Sedentary",FALSE,FALSE
90014,"111853_1749724462_1_4032059#1749736294#14#Sedentary",1749736294,1749736308,14,"Sedentary",FALSE,FALSE
90015,"111853_1749724462_1_4032059#1749736308#51#Sedentary",1749736308,1749736359,51,"Sedentary",FALSE,FALSE
90016,"111853_1749724462_1_4032059#1749736359#12#Sedentary",1749736359,1749736371,12,"Sedentary",FALSE,FALSE
90017,"111853_1749724462_1_4032059#1749736371#9#Sedentary",1749736371,1749736380,9,"Sedentary",FALSE,FALSE
90018,"111853_1749724462_1_4032059#1749736380#13#Sedentary",1749736380,1749736393,13,"Sedentary",FALSE,FALSE
90019,"111853_1749724462_1_4032059#1749736393#46#Sedentary",1749736393,1749736439,46,"Sedentary",FALSE,FALSE
90020,"111853_1749724462_1_4032059#1749736439#10#Sedentary",1749736439,1749736449,10,"Sedentary",FALSE,FALSE
90021,"111853_1749724462_1_4032059#1749736449#22#Sedentary",1749736449,1749736471,22,"Sedentary",FALSE,FALSE
90022,"111853_1749724462_1_4032059#1749736471#6#Sedentary",1749736471,1749736477,6,"Sedentary",FALSE,FALSE
90023,"111853_1749724462_1_4032059#1749736477#26#Sedentary",1749736477,1749736503,26,"Sedentary",FALSE,FALSE
90024,"111853_1749724462_1_4032059#1749736503#32#Sedentary",1749736503,1749736535,32,"Sedentary",FALSE,FALSE
90025,"111853_1749724462_1_4032059#1749736535#25#Sedentary",1749736535,1749736560,25,"Sedentary",FALSE,FALSE
90026,"111853_1749724462_1_4032059#1749736560#11#Sedentary",1749736560,1749736571,11,"Sedentary",FALSE,FALSE
90027,"111853_1749724462_1_4032059#1749736571#34#Sedentary",1749736571,1749736605,34,"Sedentary",FALSE,FALSE
90028,"111853_1749724462_1_4032059#1749736605#31#Sedentary",1749736605,1749736636,31,"Sedentary",FALSE,FALSE
90029,"111853_1749724462_1_4032059#1749736636#5#Sedentary",1749736636,1749736641,5,"Sedentary",FALSE,FALSE
90030,"111853_1749724462_1_4032059#1749736641#61#Sedentary",1749736641,1749736702,61,"Sedentary",FALSE,FALSE
90031,"111853_1749724462_1_4032059#1749736702#98#Sedentary",1749736702,1749736800,98,"Sedentary",FALSE,FALSE
90032,"111853_1749724462_1_4032059#1749736800#298#Sedentary",1749736800,1749737098,298,"Sedentary",FALSE,FALSE
90033,"111853_1749724462_1_4032059#1749737098#63#Active",1749737098,1749737161,63,"Active",FALSE,FALSE
90034,"111853_1749724462_1_4032059#1749737161#22#Active",1749737161,1749737183,22,"Active",FALSE,FALSE
90035,"111853_1749724462_1_4032059#1749737183#15#Active",1749737183,1749737198,15,"Active",FALSE,FALSE
90036,"111853_1749724462_1_4032059#1749737198#88#Sedentary",1749737198,1749737286,88,"Sedentary",FALSE,FALSE
90037,"111853_1749724462_1_4032059#1749737286#19#Sedentary",1749737286,1749737305,19,"Sedentary",FALSE,FALSE
90038,"111853_1749724462_1_4032059#1749737305#107#Sedentary",1749737305,1749737412,107,"Sedentary",FALSE,FALSE
90039,"111853_1749724462_1_4032059#1749737412#24#Active",1749737412,1749737436,24,"Active",FALSE,FALSE
90040,"111853_1749724462_1_4032059#1749737436#19#Sedentary",1749737436,1749737455,19,"Sedentary",FALSE,FALSE
90041,"111853_1749724462_1_4032059#1749737455#237#Sedentary",1749737455,1749737692,237,"Sedentary",FALSE,FALSE
90042,"111853_1749724462_1_4032059#1749737692#61#Active",1749737692,1749737753,61,"Active",FALSE,FALSE
90043,"111853_1749724462_1_4032059#1749737753#117#Sedentary",1749737753,1749737870,117,"Sedentary",FALSE,FALSE
90044,"111853_1749724462_1_4032059#1749737870#82#Sedentary",1749737870,1749737952,82,"Sedentary",FALSE,FALSE
90045,"111853_1749724462_1_4032059#1749737952#33#Sedentary",1749737952,1749737985,33,"Sedentary",FALSE,FALSE
90046,"111853_1749724462_1_4032059#1749737985#24#Sedentary",1749737985,1749738009,24,"Sedentary",FALSE,FALSE
90047,"111853_1749724462_1_4032059#1749738009#15#Sedentary",1749738009,1749738024,15,"Sedentary",FALSE,FALSE
90048,"111853_1749724462_1_4032059#1749738024#25#Sedentary",1749738024,1749738049,25,"Sedentary",FALSE,FALSE
90049,"111853_1749724462_1_4032059#1749738049#39#Sedentary",1749738049,1749738088,39,"Sedentary",FALSE,FALSE
90050,"111853_1749724462_1_4032059#1749738088#17#Active",1749738088,1749738105,17,"Active",FALSE,FALSE
90051,"111853_1749724462_1_4032059#1749738105#256#Sedentary",1749738105,1749738361,256,"Sedentary",FALSE,FALSE
90052,"111853_1749724462_1_4032059#1749738361#18#Sedentary",1749738361,1749738379,18,"Sedentary",FALSE,FALSE
90053,"111853_1749724462_1_4032059#1749738379#52#Sedentary",1749738379,1749738431,52,"Sedentary",FALSE,FALSE
90054,"111853_1749724462_1_4032059#1749738431#20#Sedentary",1749738431,1749738451,20,"Sedentary",FALSE,FALSE
90055,"111853_1749724462_1_4032059#1749738451#113#Sedentary",1749738451,1749738564,113,"Sedentary",FALSE,FALSE
90056,"111853_1749724462_1_4032059#1749738564#48#Sedentary",1749738564,1749738612,48,"Sedentary",FALSE,FALSE
90057,"111853_1749724462_1_4032059#1749738612#10#Sedentary",1749738612,1749738622,10,"Sedentary",FALSE,FALSE
90058,"111853_1749724462_1_4032059#1749738622#136#SlowWalk",1749738622,1749738758,136,"SlowWalk",FALSE,FALSE
90059,"111853_1749724462_1_4032059#1749738758#10#Active",1749738758,1749738768,10,"Active",FALSE,FALSE
90060,"111853_1749724462_1_4032059#1749738768#75#SlowWalk",1749738768,1749738843,75,"SlowWalk",FALSE,FALSE
90061,"111853_1749724462_1_4032059#1749738843#106#Active",1749738843,1749738949,106,"Active",FALSE,FALSE
90062,"111853_1749724462_1_4032059#1749738949#76#Active",1749738949,1749739025,76,"Active",FALSE,FALSE
90063,"111853_1749724462_1_4032059#1749739025#184#Active",1749739025,1749739209,184,"Active",FALSE,FALSE
90064,"111853_1749724462_1_4032059#1749739209#19#Active",1749739209,1749739228,19,"Active",FALSE,FALSE
90065,"111853_1749724462_1_4032059#1749739228#53#Active",1749739228,1749739281,53,"Active",FALSE,FALSE
90066,"111853_1749724462_1_4032059#1749739281#38#Active",1749739281,1749739319,38,"Active",FALSE,FALSE
90067,"111853_1749724462_1_4032059#1749739319#36#Active",1749739319,1749739355,36,"Active",FALSE,FALSE
90068,"111853_1749724462_1_4032059#1749739355#7#Active",1749739355,1749739362,7,"Active",FALSE,FALSE
90069,"111853_1749724462_1_4032059#1749739362#21#Active",1749739362,1749739383,21,"Active",FALSE,FALSE
90070,"111853_1749724462_1_4032059#1749739383#19#Active",1749739383,1749739402,19,"Active",FALSE,FALSE
90071,"111853_1749724462_1_4032059#1749739402#65#Active",1749739402,1749739467,65,"Active",FALSE,FALSE
90072,"111853_1749724462_1_4032059#1749739467#24#Active",1749739467,1749739491,24,"Active",FALSE,FALSE
90073,"111853_1749724462_1_4032059#1749739491#115#Active",1749739491,1749739606,115,"Active",FALSE,FALSE
90074,"111853_1749724462_1_4032059#1749739606#35#Active",1749739606,1749739641,35,"Active",FALSE,FALSE
90075,"111853_1749724462_1_4032059#1749739641#59#Active",1749739641,1749739700,59,"Active",FALSE,FALSE
90076,"111853_1749724462_1_4032059#1749739700#53#Active",1749739700,1749739753,53,"Active",FALSE,FALSE
90077,"111853_1749724462_1_4032059#1749739753#34#Active",1749739753,1749739787,34,"Active",FALSE,FALSE
90078,"111853_1749724462_1_4032059#1749739787#87#Active",1749739787,1749739874,87,"Active",FALSE,FALSE
90079,"111853_1749724462_1_4032059#1749739874#57#Active",1749739874,1749739931,57,"Active",FALSE,FALSE
90080,"111853_1749724462_1_4032059#1749739931#76#Active",1749739931,1749740007,76,"Active",FALSE,FALSE
90081,"111853_1749724462_1_4032059#1749740007#7#Active",1749740007,1749740014,7,"Active",FALSE,FALSE
90082,"111853_1749724462_1_4032059#1749740014#33#Active",1749740014,1749740047,33,"Active",FALSE,FALSE
90083,"111853_1749724462_1_4032059#1749740047#7#Active",1749740047,1749740054,7,"Active",FALSE,FALSE
90084,"111853_1749724462_1_4032059#1749740054#146#Active",1749740054,1749740200,146,"Active",FALSE,FALSE
90085,"111853_1749724462_1_4032059#1749740200#32#Sedentary",1749740200,1749740232,32,"Sedentary",FALSE,FALSE
90086,"111853_1749724462_1_4032059#1749740232#147#Active",1749740232,1749740379,147,"Active",FALSE,FALSE
90087,"111853_1749724462_1_4032059#1749740379#31#Active",1749740379,1749740410,31,"Active",FALSE,FALSE
90088,"111853_1749724462_1_4032059#1749740410#21#Active",1749740410,1749740431,21,"Active",FALSE,FALSE
90089,"111853_1749724462_1_4032059#1749740431#28#Active",1749740431,1749740459,28,"Active",FALSE,FALSE
90090,"111853_1749724462_1_4032059#1749740459#16#Active",1749740459,1749740475,16,"Active",FALSE,FALSE
90091,"111853_1749724462_1_4032059#1749740475#63#Active",1749740475,1749740538,63,"Active",FALSE,FALSE
90092,"111853_1749724462_1_4032059#1749740538#41#Active",1749740538,1749740579,41,"Active",FALSE,FALSE
90093,"111853_1749724462_1_4032059#1749740579#31#Active",1749740579,1749740610,31,"Active",FALSE,FALSE
90094,"111853_1749724462_1_4032059#1749740610#37#Active",1749740610,1749740647,37,"Active",FALSE,FALSE
90095,"111853_1749724462_1_4032059#1749740647#18#Active",1749740647,1749740665,18,"Active",FALSE,FALSE
90096,"111853_1749724462_1_4032059#1749740665#23#Active",1749740665,1749740688,23,"Active",FALSE,FALSE
90097,"111853_1749724462_1_4032059#1749740688#11#Active",1749740688,1749740699,11,"Active",FALSE,FALSE
90098,"111853_1749724462_1_4032059#1749740699#19#Active",1749740699,1749740718,19,"Active",FALSE,FALSE
90099,"111853_1749724462_1_4032059#1749740718#61#Active",1749740718,1749740779,61,"Active",FALSE,FALSE
90100,"111853_1749724462_1_4032059#1749740779#93#Active",1749740779,1749740872,93,"Active",FALSE,FALSE
90101,"111853_1749724462_1_4032059#1749740872#9#Active",1749740872,1749740881,9,"Active",FALSE,FALSE
90102,"111853_1749724462_1_4032059#1749740881#18#Active",1749740881,1749740899,18,"Active",FALSE,FALSE
90103,"111853_1749724462_1_4032059#1749740899#21#Active",1749740899,1749740920,21,"Active",FALSE,FALSE
90104,"111853_1749724462_1_4032059#1749740920#35#Sedentary",1749740920,1749740955,35,"Sedentary",FALSE,FALSE
90105,"111853_1749724462_1_4032059#1749740955#77#Active",1749740955,1749741032,77,"Active",FALSE,FALSE
90106,"111853_1749724462_1_4032059#1749741032#78#Active",1749741032,1749741110,78,"Active",FALSE,FALSE
90107,"111853_1749724462_1_4032059#1749741110#16#Sedentary",1749741110,1749741126,16,"Sedentary",FALSE,FALSE
90108,"111853_1749724462_1_4032059#1749741126#80#Active",1749741126,1749741206,80,"Active",FALSE,FALSE
90109,"111853_1749724462_1_4032059#1749741206#7#Active",1749741206,1749741213,7,"Active",FALSE,FALSE
90110,"111853_1749724462_1_4032059#1749741213#35#Active",1749741213,1749741248,35,"Active",FALSE,FALSE
90111,"111853_1749724462_1_4032059#1749741248#23#Active",1749741248,1749741271,23,"Active",FALSE,FALSE
90112,"111853_1749724462_1_4032059#1749741271#5#Active",1749741271,1749741276,5,"Active",FALSE,FALSE
90113,"111853_1749724462_1_4032059#1749741276#32#Active",1749741276,1749741308,32,"Active",FALSE,FALSE
90114,"111853_1749724462_1_4032059#1749741308#42#Active",1749741308,1749741350,42,"Active",FALSE,FALSE
90115,"111853_1749724462_1_4032059#1749741350#67#Active",1749741350,1749741417,67,"Active",FALSE,FALSE
90116,"111853_1749724462_1_4032059#1749741417#21#Active",1749741417,1749741438,21,"Active",FALSE,FALSE
90117,"111853_1749724462_1_4032059#1749741438#25#Active",1749741438,1749741463,25,"Active",FALSE,FALSE
90118,"111853_1749724462_1_4032059#1749741463#38#Active",1749741463,1749741501,38,"Active",FALSE,FALSE
90119,"111853_1749724462_1_4032059#1749741501#77#Active",1749741501,1749741578,77,"Active",FALSE,FALSE
90120,"111853_1749724462_1_4032059#1749741578#32#Sedentary",1749741578,1749741610,32,"Sedentary",FALSE,FALSE
90121,"111853_1749724462_1_4032059#1749741610#64#Active",1749741610,1749741674,64,"Active",FALSE,FALSE
90122,"111853_1749724462_1_4032059#1749741674#36#Active",1749741674,1749741710,36,"Active",FALSE,FALSE
90123,"111853_1749724462_1_4032059#1749741710#58#Active",1749741710,1749741768,58,"Active",FALSE,FALSE
90124,"111853_1749724462_1_4032059#1749741768#40#Sedentary",1749741768,1749741808,40,"Sedentary",FALSE,FALSE
90125,"111853_1749724462_1_4032059#1749741808#12#Active",1749741808,1749741820,12,"Active",FALSE,FALSE
90126,"111853_1749724462_1_4032059#1749741820#61#Sedentary",1749741820,1749741881,61,"Sedentary",FALSE,FALSE
90127,"111853_1749724462_1_4032059#1749741881#35#Sedentary",1749741881,1749741916,35,"Sedentary",FALSE,FALSE
90128,"111853_1749724462_1_4032059#1749741916#24#Sedentary",1749741916,1749741940,24,"Sedentary",FALSE,FALSE
90129,"111853_1749724462_1_4032059#1749741940#22#Active",1749741940,1749741962,22,"Active",FALSE,FALSE
90130,"111853_1749724462_1_4032059#1749741962#45#Sedentary",1749741962,1749742007,45,"Sedentary",FALSE,FALSE
90131,"111853_1749724462_1_4032059#1749742007#70#Sedentary",1749742007,1749742077,70,"Sedentary",FALSE,FALSE
90132,"111853_1749724462_1_4032059#1749742077#25#Sedentary",1749742077,1749742102,25,"Sedentary",FALSE,FALSE
90133,"111853_1749724462_1_4032059#1749742102#17#Active",1749742102,1749742119,17,"Active",FALSE,FALSE
90134,"111853_1749724462_1_4032059#1749742119#23#Sedentary",1749742119,1749742142,23,"Sedentary",FALSE,FALSE
90135,"111853_1749724462_1_4032059#1749742142#15#Sedentary",1749742142,1749742157,15,"Sedentary",FALSE,FALSE
90136,"111853_1749724462_1_4032059#1749742157#27#Active",1749742157,1749742184,27,"Active",FALSE,FALSE
90137,"111853_1749724462_1_4032059#1749742184#80#Active",1749742184,1749742264,80,"Active",FALSE,FALSE
90138,"111853_1749724462_1_4032059#1749742264#38#Active",1749742264,1749742302,38,"Active",FALSE,FALSE
90139,"111853_1749724462_1_4032059#1749742302#85#Active",1749742302,1749742387,85,"Active",FALSE,FALSE
90140,"111853_1749724462_1_4032059#1749742387#10#Sedentary",1749742387,1749742397,10,"Sedentary",FALSE,FALSE
90141,"111853_1749724462_1_4032059#1749742397#18#Sedentary",1749742397,1749742415,18,"Sedentary",FALSE,FALSE
90142,"111853_1749724462_1_4032059#1749742415#96#Active",1749742415,1749742511,96,"Active",FALSE,FALSE
90143,"111853_1749724462_1_4032059#1749742511#72#Sedentary",1749742511,1749742583,72,"Sedentary",FALSE,FALSE
90144,"111853_1749724462_1_4032059#1749742583#23#Active",1749742583,1749742606,23,"Active",FALSE,FALSE
90145,"111853_1749724462_1_4032059#1749742606#7#Active",1749742606,1749742613,7,"Active",FALSE,FALSE
90146,"111853_1749724462_1_4032059#1749742613#21#Sedentary",1749742613,1749742634,21,"Sedentary",FALSE,FALSE
90147,"111853_1749724462_1_4032059#1749742634#16#Sedentary",1749742634,1749742650,16,"Sedentary",FALSE,FALSE
90148,"111853_1749724462_1_4032059#1749742650#36#Sedentary",1749742650,1749742686,36,"Sedentary",FALSE,FALSE
90149,"111853_1749724462_1_4032059#1749742686#13#Active",1749742686,1749742699,13,"Active",FALSE,FALSE
90150,"111853_1749724462_1_4032059#1749742699#286#Active",1749742699,1749742985,286,"Active",FALSE,FALSE
90151,"111853_1749724462_1_4032059#1749742985#34#Sedentary",1749742985,1749743019,34,"Sedentary",FALSE,FALSE
90152,"111853_1749724462_1_4032059#1749743019#13#Sedentary",1749743019,1749743032,13,"Sedentary",FALSE,FALSE
90153,"111853_1749724462_1_4032059#1749743032#78#Active",1749743032,1749743110,78,"Active",FALSE,FALSE
90154,"111853_1749724462_1_4032059#1749743110#27#Active",1749743110,1749743137,27,"Active",FALSE,FALSE
90155,"111853_1749724462_1_4032059#1749743137#42#Sedentary",1749743137,1749743179,42,"Sedentary",FALSE,FALSE
90156,"111853_1749724462_1_4032059#1749743179#26#Sedentary",1749743179,1749743205,26,"Sedentary",FALSE,FALSE
90157,"111853_1749724462_1_4032059#1749743205#23#Active",1749743205,1749743228,23,"Active",FALSE,FALSE
90158,"111853_1749724462_1_4032059#1749743228#11#Active",1749743228,1749743239,11,"Active",FALSE,FALSE
90159,"111853_1749724462_1_4032059#1749743239#28#Sedentary",1749743239,1749743267,28,"Sedentary",FALSE,FALSE
90160,"111853_1749724462_1_4032059#1749743267#44#Active",1749743267,1749743311,44,"Active",FALSE,FALSE
90161,"111853_1749724462_1_4032059#1749743311#13#Active",1749743311,1749743324,13,"Active",FALSE,FALSE
90162,"111853_1749724462_1_4032059#1749743324#40#Active",1749743324,1749743364,40,"Active",FALSE,FALSE
90163,"111853_1749724462_1_4032059#1749743364#26#Sedentary",1749743364,1749743390,26,"Sedentary",FALSE,FALSE
90164,"111853_1749724462_1_4032059#1749743390#8#Active",1749743390,1749743398,8,"Active",FALSE,FALSE
90165,"111853_1749724462_1_4032059#1749743398#33#Active",1749743398,1749743431,33,"Active",FALSE,FALSE
90166,"111853_1749724462_1_4032059#1749743431#68#Active",1749743431,1749743499,68,"Active",FALSE,FALSE
90167,"111853_1749724462_1_4032059#1749743499#17#Sedentary",1749743499,1749743516,17,"Sedentary",FALSE,FALSE
90168,"111853_1749724462_1_4032059#1749743516#155#Active",1749743516,1749743671,155,"Active",FALSE,FALSE
90169,"111853_1749724462_1_4032059#1749743671#26#Active",1749743671,1749743697,26,"Active",FALSE,FALSE
90170,"111853_1749724462_1_4032059#1749743697#218#Active",1749743697,1749743915,218,"Active",FALSE,FALSE
90171,"111853_1749724462_1_4032059#1749743915#30#SlowWalk",1749743915,1749743945,30,"SlowWalk",FALSE,FALSE
90172,"111853_1749724462_1_4032059#1749743945#67#Active",1749743945,1749744012,67,"Active",FALSE,FALSE
90173,"111853_1749724462_1_4032059#1749744012#83#Sedentary",1749744012,1749744095,83,"Sedentary",FALSE,FALSE
90174,"111853_1749724462_1_4032059#1749744095#44#Active",1749744095,1749744139,44,"Active",FALSE,FALSE
90175,"111853_1749724462_1_4032059#1749744139#9#Active",1749744139,1749744148,9,"Active",FALSE,FALSE
90176,"111853_1749724462_1_4032059#1749744148#12#Sedentary",1749744148,1749744160,12,"Sedentary",FALSE,FALSE
90177,"111853_1749724462_1_4032059#1749744160#233#Active",1749744160,1749744393,233,"Active",FALSE,FALSE
90178,"111853_1749724462_1_4032059#1749744393#26#Active",1749744393,1749744419,26,"Active",FALSE,FALSE
90179,"111853_1749724462_1_4032059#1749744419#5#Active",1749744419,1749744424,5,"Active",FALSE,FALSE
90180,"111853_1749724462_1_4032059#1749744424#22#Active",1749744424,1749744446,22,"Active",FALSE,FALSE
90181,"111853_1749724462_1_4032059#1749744446#71#Sedentary",1749744446,1749744517,71,"Sedentary",FALSE,FALSE
90182,"111853_1749724462_1_4032059#1749744517#35#Sedentary",1749744517,1749744552,35,"Sedentary",FALSE,FALSE
90183,"111853_1749724462_1_4032059#1749744552#21#Active",1749744552,1749744573,21,"Active",FALSE,FALSE
90184,"111853_1749724462_1_4032059#1749744573#6#Sedentary",1749744573,1749744579,6,"Sedentary",FALSE,FALSE
90185,"111853_1749724462_1_4032059#1749744579#28#Active",1749744579,1749744607,28,"Active",FALSE,FALSE
90186,"111853_1749724462_1_4032059#1749744607#84#Sedentary",1749744607,1749744691,84,"Sedentary",FALSE,FALSE
90187,"111853_1749724462_1_4032059#1749744691#5#Sedentary",1749744691,1749744696,5,"Sedentary",FALSE,FALSE
90188,"111853_1749724462_1_4032059#1749744696#35#Sedentary",1749744696,1749744731,35,"Sedentary",FALSE,FALSE
90189,"111853_1749724462_1_4032059#1749744731#17#Sedentary",1749744731,1749744748,17,"Sedentary",FALSE,FALSE
90190,"111853_1749724462_1_4032059#1749744748#9#Active",1749744748,1749744757,9,"Active",FALSE,FALSE
90191,"111853_1749724462_1_4032059#1749744757#39#Active",1749744757,1749744796,39,"Active",FALSE,FALSE
90192,"111853_1749724462_1_4032059#1749744796#13#Active",1749744796,1749744809,13,"Active",FALSE,FALSE
90193,"111853_1749724462_1_4032059#1749744809#20#Sedentary",1749744809,1749744829,20,"Sedentary",FALSE,FALSE
90194,"111853_1749724462_1_4032059#1749744829#24#Sedentary",1749744829,1749744853,24,"Sedentary",FALSE,FALSE
90195,"111853_1749724462_1_4032059#1749744853#19#Active",1749744853,1749744872,19,"Active",FALSE,FALSE
90196,"111853_1749724462_1_4032059#1749744872#13#Sedentary",1749744872,1749744885,13,"Sedentary",FALSE,FALSE
90197,"111853_1749724462_1_4032059#1749744885#10#Sedentary",1749744885,1749744895,10,"Sedentary",FALSE,FALSE
90198,"111853_1749724462_1_4032059#1749744895#15#Sedentary",1749744895,1749744910,15,"Sedentary",FALSE,FALSE
90199,"111853_1749724462_1_4032059#1749744910#18#Sedentary",1749744910,1749744928,18,"Sedentary",FALSE,FALSE
90200,"111853_1749724462_1_4032059#1749744928#77#Sedentary",1749744928,1749745005,77,"Sedentary",FALSE,FALSE
90201,"111853_1749724462_1_4032059#1749745005#6#Sedentary",1749745005,1749745011,6,"Sedentary",FALSE,FALSE
90202,"111853_1749724462_1_4032059#1749745011#135#Sedentary",1749745011,1749745146,135,"Sedentary",FALSE,FALSE
90203,"111853_1749724462_1_4032059#1749745146#93#Sedentary",1749745146,1749745239,93,"Sedentary",FALSE,FALSE
90204,"111853_1749724462_1_4032059#1749745239#41#Sedentary",1749745239,1749745280,41,"Sedentary",FALSE,FALSE
90205,"111853_1749724462_1_4032059#1749745280#13#Sedentary",1749745280,1749745293,13,"Sedentary",FALSE,FALSE
90206,"111853_1749724462_1_4032059#1749745293#31#Active",1749745293,1749745324,31,"Active",FALSE,FALSE
90207,"111853_1749724462_1_4032059#1749745324#19#Sedentary",1749745324,1749745343,19,"Sedentary",FALSE,FALSE
90208,"111853_1749724462_1_4032059#1749745343#32#Active",1749745343,1749745375,32,"Active",FALSE,FALSE
90209,"111853_1749724462_1_4032059#1749745375#120#Active",1749745375,1749745495,120,"Active",FALSE,FALSE
90210,"111853_1749724462_1_4032059#1749745495#26#Active",1749745495,1749745521,26,"Active",FALSE,FALSE
90211,"111853_1749724462_1_4032059#1749745521#8#Active",1749745521,1749745529,8,"Active",FALSE,FALSE
90212,"111853_1749724462_1_4032059#1749745529#153#Active",1749745529,1749745682,153,"Active",FALSE,FALSE
90213,"111853_1749724462_1_4032059#1749745682#37#Active",1749745682,1749745719,37,"Active",FALSE,FALSE
90214,"111853_1749724462_1_4032059#1749745719#45#Active",1749745719,1749745764,45,"Active",FALSE,FALSE
90215,"111853_1749724462_1_4032059#1749745764#36#Sedentary",1749745764,1749745800,36,"Sedentary",FALSE,FALSE
90216,"111853_1749724462_1_4032059#1749745800#16#Active",1749745800,1749745816,16,"Active",FALSE,FALSE
90217,"111853_1749724462_1_4032059#1749745816#119#Active",1749745816,1749745935,119,"Active",FALSE,FALSE
90218,"111853_1749724462_1_4032059#1749745935#80#Active",1749745935,1749746015,80,"Active",FALSE,FALSE
90219,"111853_1749724462_1_4032059#1749746015#43#Sedentary",1749746015,1749746058,43,"Sedentary",FALSE,FALSE
90220,"111853_1749724462_1_4032059#1749746058#97#Sedentary",1749746058,1749746155,97,"Sedentary",FALSE,FALSE
90221,"111853_1749724462_1_4032059#1749746155#30#Sedentary",1749746155,1749746185,30,"Sedentary",FALSE,FALSE
90222,"111853_1749724462_1_4032059#1749746185#15#Sedentary",1749746185,1749746200,15,"Sedentary",FALSE,FALSE
90223,"111853_1749724462_1_4032059#1749746200#23#Sedentary",1749746200,1749746223,23,"Sedentary",FALSE,FALSE
90224,"111853_1749724462_1_4032059#1749746223#10#Sedentary",1749746223,1749746233,10,"Sedentary",FALSE,FALSE
90225,"111853_1749724462_1_4032059#1749746233#15#Sedentary",1749746233,1749746248,15,"Sedentary",FALSE,FALSE
90226,"111853_1749724462_1_4032059#1749746248#74#Sedentary",1749746248,1749746322,74,"Sedentary",FALSE,FALSE
90227,"111853_1749724462_1_4032059#1749746322#45#Sedentary",1749746322,1749746367,45,"Sedentary",FALSE,FALSE
90228,"111853_1749724462_1_4032059#1749746367#43#Sedentary",1749746367,1749746410,43,"Sedentary",FALSE,FALSE
90229,"111853_1749724462_1_4032059#1749746410#8#Sedentary",1749746410,1749746418,8,"Sedentary",FALSE,FALSE
90230,"111853_1749724462_1_4032059#1749746418#18#Sedentary",1749746418,1749746436,18,"Sedentary",FALSE,FALSE
90231,"111853_1749724462_1_4032059#1749746436#12#Sedentary",1749746436,1749746448,12,"Sedentary",FALSE,FALSE
90232,"111853_1749724462_1_4032059#1749746448#28#Sedentary",1749746448,1749746476,28,"Sedentary",FALSE,FALSE
90233,"111853_1749724462_1_4032059#1749746476#71#Sedentary",1749746476,1749746547,71,"Sedentary",FALSE,FALSE
90234,"111853_1749724462_1_4032059#1749746547#60#Active",1749746547,1749746607,60,"Active",FALSE,FALSE
90235,"111853_1749724462_1_4032059#1749746607#54#Active",1749746607,1749746661,54,"Active",FALSE,FALSE
90236,"111853_1749724462_1_4032059#1749746661#69#SlowWalk",1749746661,1749746730,69,"SlowWalk",FALSE,FALSE
90237,"111853_1749724462_1_4032059#1749746730#32#Active",1749746730,1749746762,32,"Active",FALSE,FALSE
90238,"111853_1749724462_1_4032059#1749746762#88#Sedentary",1749746762,1749746850,88,"Sedentary",FALSE,FALSE
90239,"111853_1749724462_1_4032059#1749746850#67#Sedentary",1749746850,1749746917,67,"Sedentary",FALSE,FALSE
90240,"111853_1749724462_1_4032059#1749746917#15#Sedentary",1749746917,1749746932,15,"Sedentary",FALSE,FALSE
90241,"111853_1749724462_1_4032059#1749746932#39#Active",1749746932,1749746971,39,"Active",FALSE,FALSE
90242,"111853_1749724462_1_4032059#1749746971#11#Active",1749746971,1749746982,11,"Active",FALSE,FALSE
90243,"111853_1749724462_1_4032059#1749746982#137#Active",1749746982,1749747119,137,"Active",FALSE,FALSE
90244,"111853_1749724462_1_4032059#1749747119#33#Sedentary",1749747119,1749747152,33,"Sedentary",FALSE,FALSE
90245,"111853_1749724462_1_4032059#1749747152#17#Sedentary",1749747152,1749747169,17,"Sedentary",FALSE,FALSE
90246,"111853_1749724462_1_4032059#1749747169#36#Sedentary",1749747169,1749747205,36,"Sedentary",FALSE,FALSE
90247,"111853_1749724462_1_4032059#1749747205#30#Sedentary",1749747205,1749747235,30,"Sedentary",FALSE,FALSE
90248,"111853_1749724462_1_4032059#1749747235#50#Sedentary",1749747235,1749747285,50,"Sedentary",FALSE,FALSE
90249,"111853_1749724462_1_4032059#1749747285#353#Sedentary",1749747285,1749747638,353,"Sedentary",FALSE,FALSE
90250,"111853_1749724462_1_4032059#1749747638#49#Sedentary",1749747638,1749747687,49,"Sedentary",FALSE,FALSE
90251,"111853_1749724462_1_4032059#1749747687#76#Sedentary",1749747687,1749747763,76,"Sedentary",FALSE,FALSE
90252,"111853_1749724462_1_4032059#1749747763#53#Sedentary",1749747763,1749747816,53,"Sedentary",FALSE,FALSE
90253,"111853_1749724462_1_4032059#1749747816#66#Sedentary",1749747816,1749747882,66,"Sedentary",FALSE,FALSE
90254,"111853_1749724462_1_4032059#1749747882#96#Sedentary",1749747882,1749747978,96,"Sedentary",FALSE,FALSE
90255,"111853_1749724462_1_4032059#1749747978#74#Sedentary",1749747978,1749748052,74,"Sedentary",FALSE,FALSE
90256,"111853_1749724462_1_4032059#1749748052#14#Sedentary",1749748052,1749748066,14,"Sedentary",FALSE,FALSE
90257,"111853_1749724462_1_4032059#1749748066#16#Sedentary",1749748066,1749748082,16,"Sedentary",FALSE,FALSE
90258,"111853_1749724462_1_4032059#1749748082#12#Sedentary",1749748082,1749748094,12,"Sedentary",FALSE,FALSE
90259,"111853_1749724462_1_4032059#1749748094#72#Sedentary",1749748094,1749748166,72,"Sedentary",FALSE,FALSE
90260,"111853_1749724462_1_4032059#1749748166#57#Active",1749748166,1749748223,57,"Active",FALSE,FALSE
90261,"111853_1749724462_1_4032059#1749748223#30#SlowWalk",1749748223,1749748253,30,"SlowWalk",FALSE,FALSE
90262,"111853_1749724462_1_4032059#1749748253#83#Active",1749748253,1749748336,83,"Active",FALSE,FALSE
90263,"111853_1749724462_1_4032059#1749748336#123#SlowWalk",1749748336,1749748459,123,"SlowWalk",FALSE,FALSE
90264,"111853_1749724462_1_4032059#1749748459#207#Sedentary",1749748459,1749748666,207,"Sedentary",FALSE,FALSE
90265,"111853_1749724462_1_4032059#1749748666#5#Sedentary",1749748666,1749748671,5,"Sedentary",FALSE,FALSE
90266,"111853_1749724462_1_4032059#1749748671#45#Sedentary",1749748671,1749748716,45,"Sedentary",FALSE,FALSE
90267,"111853_1749724462_1_4032059#1749748716#25#Sedentary",1749748716,1749748741,25,"Sedentary",FALSE,FALSE
90268,"111853_1749724462_1_4032059#1749748741#34#Sedentary",1749748741,1749748775,34,"Sedentary",FALSE,FALSE
90269,"111853_1749724462_1_4032059#1749748775#32#Sedentary",1749748775,1749748807,32,"Sedentary",FALSE,FALSE
90270,"111853_1749724462_1_4032059#1749748807#47#Sedentary",1749748807,1749748854,47,"Sedentary",FALSE,FALSE
90271,"111853_1749724462_1_4032059#1749748854#381#Sedentary",1749748854,1749749235,381,"Sedentary",FALSE,FALSE
90272,"111853_1749724462_1_4032059#1749749235#218#Sedentary",1749749235,1749749453,218,"Sedentary",FALSE,FALSE
90273,"111853_1749724462_1_4032059#1749749453#51#Sedentary",1749749453,1749749504,51,"Sedentary",FALSE,FALSE
90274,"111853_1749724462_1_4032059#1749749504#5#Sedentary",1749749504,1749749509,5,"Sedentary",FALSE,FALSE
90275,"111853_1749724462_1_4032059#1749749509#32#Sedentary",1749749509,1749749541,32,"Sedentary",FALSE,FALSE
90276,"111853_1749724462_1_4032059#1749749541#68#Active",1749749541,1749749609,68,"Active",FALSE,FALSE
90277,"111853_1749724462_1_4032059#1749749609#33#Active",1749749609,1749749642,33,"Active",FALSE,FALSE
90278,"111853_1749724462_1_4032059#1749749642#152#Active",1749749642,1749749794,152,"Active",FALSE,FALSE
90279,"111853_1749724462_1_4032059#1749749794#96#Active",1749749794,1749749890,96,"Active",FALSE,FALSE
90280,"111853_1749724462_1_4032059#1749749890#22#SlowWalk",1749749890,1749749912,22,"SlowWalk",FALSE,FALSE
90281,"111853_1749724462_1_4032059#1749749912#6#Active",1749749912,1749749918,6,"Active",FALSE,FALSE
90282,"111853_1749724462_1_4032059#1749749918#70#Active",1749749918,1749749988,70,"Active",FALSE,FALSE
90283,"111853_1749724462_1_4032059#1749749988#152#Active",1749749988,1749750140,152,"Active",FALSE,FALSE
90284,"111853_1749724462_1_4032059#1749750140#73#SlowWalk",1749750140,1749750213,73,"SlowWalk",FALSE,FALSE
90285,"111853_1749724462_1_4032059#1749750213#37#SlowWalk",1749750213,1749750250,37,"SlowWalk",FALSE,FALSE
90286,"111853_1749724462_1_4032059#1749750250#88#Active",1749750250,1749750338,88,"Active",FALSE,FALSE
90287,"111853_1749724462_1_4032059#1749750338#53#Active",1749750338,1749750391,53,"Active",FALSE,FALSE
90288,"111853_1749724462_1_4032059#1749750391#41#Active",1749750391,1749750432,41,"Active",FALSE,FALSE
90289,"111853_1749724462_1_4032059#1749750432#34#Active",1749750432,1749750466,34,"Active",FALSE,FALSE
90290,"111853_1749724462_1_4032059#1749750466#10#SlowWalk",1749750466,1749750476,10,"SlowWalk",FALSE,FALSE
90291,"111853_1749724462_1_4032059#1749750476#55#Active",1749750476,1749750531,55,"Active",FALSE,FALSE
90292,"111853_1749724462_1_4032059#1749750531#20#Sedentary",1749750531,1749750551,20,"Sedentary",FALSE,FALSE
90293,"111853_1749724462_1_4032059#1749750551#37#Active",1749750551,1749750588,37,"Active",FALSE,FALSE
90294,"111853_1749724462_1_4032059#1749750588#32#Sedentary",1749750588,1749750620,32,"Sedentary",FALSE,FALSE
90295,"111853_1749724462_1_4032059#1749750620#52#Active",1749750620,1749750672,52,"Active",FALSE,FALSE
90296,"111853_1749724462_1_4032059#1749750672#17#Active",1749750672,1749750689,17,"Active",FALSE,FALSE
90297,"111853_1749724462_1_4032059#1749750689#336#Active",1749750689,1749751025,336,"Active",FALSE,FALSE
90298,"111853_1749724462_1_4032059#1749751025#114#Active",1749751025,1749751139,114,"Active",FALSE,FALSE
90299,"111853_1749724462_1_4032059#1749751139#22#Active",1749751139,1749751161,22,"Active",FALSE,FALSE
90300,"111853_1749724462_1_4032059#1749751161#72#Sedentary",1749751161,1749751233,72,"Sedentary",FALSE,FALSE
90301,"111853_1749724462_1_4032059#1749751233#196#Active",1749751233,1749751429,196,"Active",FALSE,FALSE
90302,"111853_1749724462_1_4032059#1749751429#18#SlowWalk",1749751429,1749751447,18,"SlowWalk",FALSE,FALSE
90303,"111853_1749724462_1_4032059#1749751447#122#Active",1749751447,1749751569,122,"Active",FALSE,FALSE
90304,"111853_1749724462_1_4032059#1749751569#39#SlowWalk",1749751569,1749751608,39,"SlowWalk",FALSE,FALSE
90305,"111853_1749724462_1_4032059#1749751608#85#Active",1749751608,1749751693,85,"Active",FALSE,FALSE
90306,"111853_1749724462_1_4032059#1749751693#14#Active",1749751693,1749751707,14,"Active",FALSE,FALSE
90307,"111853_1749724462_1_4032059#1749751707#46#Active",1749751707,1749751753,46,"Active",FALSE,FALSE
90308,"111853_1749724462_1_4032059#1749751753#14#Sedentary",1749751753,1749751767,14,"Sedentary",FALSE,FALSE
90309,"111853_1749724462_1_4032059#1749751767#98#Active",1749751767,1749751865,98,"Active",FALSE,FALSE
90310,"111853_1749724462_1_4032059#1749751865#30#Sedentary",1749751865,1749751895,30,"Sedentary",FALSE,FALSE
90311,"111853_1749724462_1_4032059#1749751895#56#Sedentary",1749751895,1749751951,56,"Sedentary",FALSE,FALSE
90312,"111853_1749724462_1_4032059#1749751951#79#Active",1749751951,1749752030,79,"Active",FALSE,FALSE
90313,"111853_1749724462_1_4032059#1749752030#42#Active",1749752030,1749752072,42,"Active",FALSE,FALSE
90314,"111853_1749724462_1_4032059#1749752072#35#Sedentary",1749752072,1749752107,35,"Sedentary",FALSE,FALSE
90315,"111853_1749724462_1_4032059#1749752107#5#Sedentary",1749752107,1749752112,5,"Sedentary",FALSE,FALSE
90316,"111853_1749724462_1_4032059#1749752112#46#Sedentary",1749752112,1749752158,46,"Sedentary",FALSE,FALSE
90317,"111853_1749724462_1_4032059#1749752158#14#Sedentary",1749752158,1749752172,14,"Sedentary",FALSE,FALSE
90318,"111853_1749724462_1_4032059#1749752172#22#Sedentary",1749752172,1749752194,22,"Sedentary",FALSE,FALSE
90319,"111853_1749724462_1_4032059#1749752194#56#Sedentary",1749752194,1749752250,56,"Sedentary",FALSE,FALSE
90320,"111853_1749724462_1_4032059#1749752250#34#Sedentary",1749752250,1749752284,34,"Sedentary",FALSE,FALSE
90321,"111853_1749724462_1_4032059#1749752284#26#Active",1749752284,1749752310,26,"Active",FALSE,FALSE
90322,"111853_1749724462_1_4032059#1749752310#26#Active",1749752310,1749752336,26,"Active",FALSE,FALSE
90323,"111853_1749724462_1_4032059#1749752336#79#Active",1749752336,1749752415,79,"Active",FALSE,FALSE
90324,"111853_1749724462_1_4032059#1749752415#21#Active",1749752415,1749752436,21,"Active",FALSE,FALSE
90325,"111853_1749724462_1_4032059#1749752436#70#Sedentary",1749752436,1749752506,70,"Sedentary",FALSE,FALSE
90326,"111853_1749724462_1_4032059#1749752506#21#Sedentary",1749752506,1749752527,21,"Sedentary",FALSE,FALSE
90327,"111853_1749724462_1_4032059#1749752527#6#Active",1749752527,1749752533,6,"Active",FALSE,FALSE
90328,"111853_1749724462_1_4032059#1749752533#183#Active",1749752533,1749752716,183,"Active",FALSE,FALSE
90329,"111853_1749724462_1_4032059#1749752716#36#Active",1749752716,1749752752,36,"Active",FALSE,FALSE
90330,"111853_1749724462_1_4032059#1749752752#213#Active",1749752752,1749752965,213,"Active",FALSE,FALSE
90331,"111853_1749724462_1_4032059#1749752965#29#Active",1749752965,1749752994,29,"Active",FALSE,FALSE
90332,"111853_1749724462_1_4032059#1749752994#36#Active",1749752994,1749753030,36,"Active",FALSE,FALSE
90333,"111853_1749724462_1_4032059#1749753030#57#Active",1749753030,1749753087,57,"Active",FALSE,FALSE
90334,"111853_1749724462_1_4032059#1749753087#17#Active",1749753087,1749753104,17,"Active",FALSE,FALSE
90335,"111853_1749724462_1_4032059#1749753104#132#Sedentary",1749753104,1749753236,132,"Sedentary",FALSE,FALSE
90336,"111853_1749724462_1_4032059#1749753236#26#Sedentary",1749753236,1749753262,26,"Sedentary",FALSE,FALSE
90337,"111853_1749724462_1_4032059#1749753262#28#Sedentary",1749753262,1749753290,28,"Sedentary",FALSE,FALSE
90338,"111853_1749724462_1_4032059#1749753290#32#Sedentary",1749753290,1749753322,32,"Sedentary",FALSE,FALSE
90339,"111853_1749724462_1_4032059#1749753322#29#Sedentary",1749753322,1749753351,29,"Sedentary",FALSE,FALSE
90340,"111853_1749724462_1_4032059#1749753351#187#Active",1749753351,1749753538,187,"Active",FALSE,FALSE
90341,"111853_1749724462_1_4032059#1749753538#51#SlowWalk",1749753538,1749753589,51,"SlowWalk",FALSE,FALSE
90342,"111853_1749724462_1_4032059#1749753589#131#SlowWalk",1749753589,1749753720,131,"SlowWalk",FALSE,FALSE
90343,"111853_1749724462_1_4032059#1749753720#32#Active",1749753720,1749753752,32,"Active",FALSE,FALSE
90344,"111853_1749724462_1_4032059#1749753752#43#Active",1749753752,1749753795,43,"Active",FALSE,FALSE
90345,"111853_1749724462_1_4032059#1749753795#36#Active",1749753795,1749753831,36,"Active",FALSE,FALSE
90346,"111853_1749724462_1_4032059#1749753831#17#Sedentary",1749753831,1749753848,17,"Sedentary",FALSE,FALSE
90347,"111853_1749724462_1_4032059#1749753848#10#Active",1749753848,1749753858,10,"Active",FALSE,FALSE
90348,"111853_1749724462_1_4032059#1749753858#17#Active",1749753858,1749753875,17,"Active",FALSE,FALSE
90349,"111853_1749724462_1_4032059#1749753875#146#Active",1749753875,1749754021,146,"Active",FALSE,FALSE
90350,"111853_1749724462_1_4032059#1749754021#19#Sedentary",1749754021,1749754040,19,"Sedentary",FALSE,FALSE
90351,"111853_1749724462_1_4032059#1749754040#14#Sedentary",1749754040,1749754054,14,"Sedentary",FALSE,FALSE
90352,"111853_1749724462_1_4032059#1749754054#25#Sedentary",1749754054,1749754079,25,"Sedentary",FALSE,FALSE
90353,"111853_1749724462_1_4032059#1749754079#285#Active",1749754079,1749754364,285,"Active",FALSE,FALSE
90354,"111853_1749724462_1_4032059#1749754364#6#Sedentary",1749754364,1749754370,6,"Sedentary",FALSE,FALSE
90355,"111853_1749724462_1_4032059#1749754370#82#Sedentary",1749754370,1749754452,82,"Sedentary",FALSE,FALSE
90356,"111853_1749724462_1_4032059#1749754452#5#Active",1749754452,1749754457,5,"Active",FALSE,FALSE
90357,"111853_1749724462_1_4032059#1749754457#16#Sedentary",1749754457,1749754473,16,"Sedentary",FALSE,FALSE
90358,"111853_1749724462_1_4032059#1749754473#49#Sedentary",1749754473,1749754522,49,"Sedentary",FALSE,FALSE
90359,"111853_1749724462_1_4032059#1749754522#48#Sedentary",1749754522,1749754570,48,"Sedentary",FALSE,FALSE
90360,"111853_1749724462_1_4032059#1749754570#75#Sedentary",1749754570,1749754645,75,"Sedentary",FALSE,FALSE
90361,"111853_1749724462_1_4032059#1749754645#8#Sedentary",1749754645,1749754653,8,"Sedentary",FALSE,FALSE
90362,"111853_1749724462_1_4032059#1749754653#100#Active",1749754653,1749754753,100,"Active",FALSE,FALSE
90363,"111853_1749724462_1_4032059#1749754753#9#Sedentary",1749754753,1749754762,9,"Sedentary",FALSE,FALSE
90364,"111853_1749724462_1_4032059#1749754762#5#Sedentary",1749754762,1749754767,5,"Sedentary",FALSE,FALSE
90365,"111853_1749724462_1_4032059#1749754767#43#Sedentary",1749754767,1749754810,43,"Sedentary",FALSE,FALSE
90366,"111853_1749724462_1_4032059#1749754810#67#Sedentary",1749754810,1749754877,67,"Sedentary",FALSE,FALSE
90367,"111853_1749724462_1_4032059#1749754877#9#Sedentary",1749754877,1749754886,9,"Sedentary",FALSE,FALSE
90368,"111853_1749724462_1_4032059#1749754886#12#Sedentary",1749754886,1749754898,12,"Sedentary",FALSE,FALSE
90369,"111853_1749724462_1_4032059#1749754898#207#Sedentary",1749754898,1749755105,207,"Sedentary",FALSE,FALSE
90370,"111853_1749724462_1_4032059#1749755105#20#Active",1749755105,1749755125,20,"Active",FALSE,FALSE
90371,"111853_1749724462_1_4032059#1749755125#28#Active",1749755125,1749755153,28,"Active",FALSE,FALSE
90372,"111853_1749724462_1_4032059#1749755153#7#Sedentary",1749755153,1749755160,7,"Sedentary",FALSE,FALSE
90373,"111853_1749724462_1_4032059#1749755160#5#Active",1749755160,1749755165,5,"Active",FALSE,FALSE
90374,"111853_1749724462_1_4032059#1749755165#20#Sedentary",1749755165,1749755185,20,"Sedentary",FALSE,FALSE
90375,"111853_1749724462_1_4032059#1749755185#6#Sedentary",1749755185,1749755191,6,"Sedentary",FALSE,FALSE
90376,"111853_1749724462_1_4032059#1749755191#32#Sedentary",1749755191,1749755223,32,"Sedentary",FALSE,FALSE
90377,"111853_1749724462_1_4032059#1749755223#9#Sedentary",1749755223,1749755232,9,"Sedentary",FALSE,FALSE
90378,"111853_1749724462_1_4032059#1749755232#179#Sedentary",1749755232,1749755411,179,"Sedentary",FALSE,FALSE
90379,"111853_1749724462_1_4032059#1749755411#50#Sedentary",1749755411,1749755461,50,"Sedentary",FALSE,FALSE
90380,"111853_1749724462_1_4032059#1749755461#54#Sedentary",1749755461,1749755515,54,"Sedentary",FALSE,FALSE
90381,"111853_1749724462_1_4032059#1749755515#40#Active",1749755515,1749755555,40,"Active",FALSE,FALSE
90382,"111853_1749724462_1_4032059#1749755555#19#Sedentary",1749755555,1749755574,19,"Sedentary",FALSE,FALSE
90383,"111853_1749724462_1_4032059#1749755574#84#Sedentary",1749755574,1749755658,84,"Sedentary",FALSE,FALSE
90384,"111853_1749724462_1_4032059#1749755658#32#Sedentary",1749755658,1749755690,32,"Sedentary",FALSE,FALSE
90385,"111853_1749724462_1_4032059#1749755690#129#Sedentary",1749755690,1749755819,129,"Sedentary",FALSE,FALSE
90386,"111853_1749724462_1_4032059#1749755819#157#Active",1749755819,1749755976,157,"Active",FALSE,FALSE
90387,"111853_1749724462_1_4032059#1749755976#9#Active",1749755976,1749755985,9,"Active",FALSE,FALSE
90388,"111853_1749724462_1_4032059#1749755985#78#Active",1749755985,1749756063,78,"Active",FALSE,FALSE
90389,"111853_1749724462_1_4032059#1749756063#86#Sedentary",1749756063,1749756149,86,"Sedentary",FALSE,FALSE
90390,"111853_1749724462_1_4032059#1749756149#263#Sedentary",1749756149,1749756412,263,"Sedentary",FALSE,FALSE
90391,"111853_1749724462_1_4032059#1749756412#20#Sedentary",1749756412,1749756432,20,"Sedentary",FALSE,FALSE
90392,"111853_1749724462_1_4032059#1749756432#25#Sedentary",1749756432,1749756457,25,"Sedentary",FALSE,FALSE
90393,"111853_1749724462_1_4032059#1749756457#165#Active",1749756457,1749756622,165,"Active",FALSE,FALSE
90394,"111853_1749724462_1_4032059#1749756622#28#Active",1749756622,1749756650,28,"Active",FALSE,FALSE
90395,"111853_1749724462_1_4032059#1749756650#77#Sedentary",1749756650,1749756727,77,"Sedentary",FALSE,FALSE
90396,"111853_1749724462_1_4032059#1749756727#23#Sedentary",1749756727,1749756750,23,"Sedentary",FALSE,FALSE
90397,"111853_1749724462_1_4032059#1749756750#17#Active",1749756750,1749756767,17,"Active",FALSE,FALSE
90398,"111853_1749724462_1_4032059#1749756767#23#Active",1749756767,1749756790,23,"Active",FALSE,FALSE
90399,"111853_1749724462_1_4032059#1749756790#47#Sedentary",1749756790,1749756837,47,"Sedentary",FALSE,FALSE
90400,"111853_1749724462_1_4032059#1749756837#36#Sedentary",1749756837,1749756873,36,"Sedentary",FALSE,FALSE
90401,"111853_1749724462_1_4032059#1749756873#5#Active",1749756873,1749756878,5,"Active",FALSE,FALSE
90402,"111853_1749724462_1_4032059#1749756878#104#Active",1749756878,1749756982,104,"Active",FALSE,FALSE
90403,"111853_1749724462_1_4032059#1749756982#10#Sedentary",1749756982,1749756992,10,"Sedentary",FALSE,FALSE
90404,"111853_1749724462_1_4032059#1749756992#255#Active",1749756992,1749757247,255,"Active",FALSE,FALSE
90405,"111853_1749724462_1_4032059#1749757247#33#Active",1749757247,1749757280,33,"Active",FALSE,FALSE
90406,"111853_1749724462_1_4032059#1749757280#6#Active",1749757280,1749757286,6,"Active",FALSE,FALSE
90407,"111853_1749724462_1_4032059#1749757286#19#Active",1749757286,1749757305,19,"Active",FALSE,FALSE
90408,"111853_1749724462_1_4032059#1749757305#35#Active",1749757305,1749757340,35,"Active",FALSE,FALSE
90409,"111853_1749724462_1_4032059#1749757340#68#Sedentary",1749757340,1749757408,68,"Sedentary",FALSE,FALSE
90410,"111853_1749724462_1_4032059#1749757408#88#Sedentary",1749757408,1749757496,88,"Sedentary",FALSE,FALSE
90411,"111853_1749724462_1_4032059#1749757496#16#Active",1749757496,1749757512,16,"Active",FALSE,FALSE
90412,"111853_1749724462_1_4032059#1749757512#24#SlowWalk",1749757512,1749757536,24,"SlowWalk",FALSE,FALSE
90413,"111853_1749724462_1_4032059#1749757536#21#Active",1749757536,1749757557,21,"Active",FALSE,FALSE
90414,"111853_1749724462_1_4032059#1749757557#48#Active",1749757557,1749757605,48,"Active",FALSE,FALSE
90415,"111853_1749724462_1_4032059#1749757605#17#Active",1749757605,1749757622,17,"Active",FALSE,FALSE
90416,"111853_1749724462_1_4032059#1749757622#48#Sedentary",1749757622,1749757670,48,"Sedentary",FALSE,FALSE
90417,"111853_1749724462_1_4032059#1749757670#88#Sedentary",1749757670,1749757758,88,"Sedentary",FALSE,FALSE
90418,"111853_1749724462_1_4032059#1749757758#97#Sedentary",1749757758,1749757855,97,"Sedentary",FALSE,FALSE
90419,"111853_1749724462_1_4032059#1749757855#210#Sedentary",1749757855,1749758065,210,"Sedentary",FALSE,FALSE
90420,"111853_1749724462_1_4032059#1749758065#77#Sedentary",1749758065,1749758142,77,"Sedentary",FALSE,FALSE
90421,"111853_1749724462_1_4032059#1749758142#47#Sedentary",1749758142,1749758189,47,"Sedentary",FALSE,FALSE
90422,"111853_1749724462_1_4032059#1749758189#5#Sedentary",1749758189,1749758194,5,"Sedentary",FALSE,FALSE
90423,"111853_1749724462_1_4032059#1749758194#55#Sedentary",1749758194,1749758249,55,"Sedentary",FALSE,FALSE
90424,"111853_1749724462_1_4032059#1749758249#84#Sedentary",1749758249,1749758333,84,"Sedentary",FALSE,FALSE
90425,"111853_1749724462_1_4032059#1749758333#41#Active",1749758333,1749758374,41,"Active",FALSE,FALSE
90426,"111853_1749724462_1_4032059#1749758374#55#Active",1749758374,1749758429,55,"Active",FALSE,FALSE
90427,"111853_1749724462_1_4032059#1749758429#69#Active",1749758429,1749758498,69,"Active",FALSE,FALSE
90428,"111853_1749724462_1_4032059#1749758498#5#Sedentary",1749758498,1749758503,5,"Sedentary",FALSE,FALSE
90429,"111853_1749724462_1_4032059#1749758503#36#SlowWalk",1749758503,1749758539,36,"SlowWalk",FALSE,FALSE
90430,"111853_1749724462_1_4032059#1749758539#44#Active",1749758539,1749758583,44,"Active",FALSE,FALSE
90431,"111853_1749724462_1_4032059#1749758583#29#Active",1749758583,1749758612,29,"Active",FALSE,FALSE
90432,"111853_1749724462_1_4032059#1749758612#12#SlowWalk",1749758612,1749758624,12,"SlowWalk",FALSE,FALSE
90433,"111853_1749724462_1_4032059#1749758624#74#Active",1749758624,1749758698,74,"Active",FALSE,FALSE
90434,"111853_1749724462_1_4032059#1749758698#45#Sedentary",1749758698,1749758743,45,"Sedentary",FALSE,FALSE
90435,"111853_1749724462_1_4032059#1749758743#11#Sedentary",1749758743,1749758754,11,"Sedentary",FALSE,FALSE
90436,"111853_1749724462_1_4032059#1749758754#6#Sedentary",1749758754,1749758760,6,"Sedentary",FALSE,FALSE
90437,"111853_1749724462_1_4032059#1749758760#107#Active",1749758760,1749758867,107,"Active",FALSE,FALSE
90438,"111853_1749724462_1_4032059#1749758867#84#Active",1749758867,1749758951,84,"Active",FALSE,FALSE
90439,"111853_1749724462_1_4032059#1749758951#24#Sedentary",1749758951,1749758975,24,"Sedentary",FALSE,FALSE
90440,"111853_1749724462_1_4032059#1749758975#47#Active",1749758975,1749759022,47,"Active",FALSE,FALSE
90441,"111853_1749724462_1_4032059#1749759022#18#Sedentary",1749759022,1749759040,18,"Sedentary",FALSE,FALSE
90442,"111853_1749724462_1_4032059#1749759040#23#Active",1749759040,1749759063,23,"Active",FALSE,FALSE
90443,"111853_1749724462_1_4032059#1749759063#15#Sedentary",1749759063,1749759078,15,"Sedentary",FALSE,FALSE
90444,"111853_1749724462_1_4032059#1749759078#30#Sedentary",1749759078,1749759108,30,"Sedentary",FALSE,FALSE
90445,"111853_1749724462_1_4032059#1749759108#17#Active",1749759108,1749759125,17,"Active",FALSE,FALSE
90446,"111853_1749724462_1_4032059#1749759125#18#Sedentary",1749759125,1749759143,18,"Sedentary",FALSE,FALSE
90447,"111853_1749724462_1_4032059#1749759143#40#Sedentary",1749759143,1749759183,40,"Sedentary",FALSE,FALSE
90448,"111853_1749724462_1_4032059#1749759183#103#Sedentary",1749759183,1749759286,103,"Sedentary",FALSE,FALSE
90449,"111853_1749724462_1_4032059#1749759286#201#Sedentary",1749759286,1749759487,201,"Sedentary",FALSE,FALSE
90450,"111853_1749724462_1_4032059#1749759487#95#Active",1749759487,1749759582,95,"Active",FALSE,FALSE
90451,"111853_1749724462_1_4032059#1749759582#8#Active",1749759582,1749759590,8,"Active",FALSE,FALSE
90452,"111853_1749724462_1_4032059#1749759590#20#Active",1749759590,1749759610,20,"Active",FALSE,FALSE
90453,"111853_1749724462_1_4032059#1749759610#211#Active",1749759610,1749759821,211,"Active",FALSE,FALSE
90454,"111853_1749724462_1_4032059#1749759821#151#Active",1749759821,1749759972,151,"Active",FALSE,FALSE
90455,"111853_1749724462_1_4032059#1749759972#8#Sedentary",1749759972,1749759980,8,"Sedentary",FALSE,FALSE
90456,"111853_1749724462_1_4032059#1749759980#79#Active",1749759980,1749760059,79,"Active",FALSE,FALSE
90457,"111853_1749724462_1_4032059#1749760059#88#Sedentary",1749760059,1749760147,88,"Sedentary",FALSE,FALSE
90458,"111853_1749724462_1_4032059#1749760147#7#Active",1749760147,1749760154,7,"Active",FALSE,FALSE
90459,"111853_1749724462_1_4032059#1749760154#77#Sedentary",1749760154,1749760231,77,"Sedentary",FALSE,FALSE
90460,"111853_1749724462_1_4032059#1749760231#7#Active",1749760231,1749760238,7,"Active",FALSE,FALSE
90461,"111853_1749724462_1_4032059#1749760238#117#Active",1749760238,1749760355,117,"Active",FALSE,FALSE
90462,"111853_1749724462_1_4032059#1749760355#5#Active",1749760355,1749760360,5,"Active",FALSE,FALSE
90463,"111853_1749724462_1_4032059#1749760360#64#Active",1749760360,1749760424,64,"Active",FALSE,FALSE
90464,"111853_1749724462_1_4032059#1749760424#25#Active",1749760424,1749760449,25,"Active",FALSE,FALSE
90465,"111853_1749724462_1_4032059#1749760449#153#Active",1749760449,1749760602,153,"Active",FALSE,FALSE
90466,"111853_1749724462_1_4032059#1749760602#12#Active",1749760602,1749760614,12,"Active",FALSE,FALSE
90467,"111853_1749724462_1_4032059#1749760614#41#Active",1749760614,1749760655,41,"Active",FALSE,FALSE
90468,"111853_1749724462_1_4032059#1749760655#16#Active",1749760655,1749760671,16,"Active",FALSE,FALSE
90469,"111853_1749724462_1_4032059#1749760671#18#Active",1749760671,1749760689,18,"Active",FALSE,FALSE
90470,"111853_1749724462_1_4032059#1749760689#285#Active",1749760689,1749760974,285,"Active",FALSE,FALSE
90471,"111853_1749724462_1_4032059#1749760974#17#Sedentary",1749760974,1749760991,17,"Sedentary",FALSE,FALSE
90472,"111853_1749724462_1_4032059#1749760991#5#Active",1749760991,1749760996,5,"Active",FALSE,FALSE
90473,"111853_1749724462_1_4032059#1749760996#63#Active",1749760996,1749761059,63,"Active",FALSE,FALSE
90474,"111853_1749724462_1_4032059#1749761059#53#Active",1749761059,1749761112,53,"Active",FALSE,FALSE
90475,"111853_1749724462_1_4032059#1749761112#222#Active",1749761112,1749761334,222,"Active",FALSE,FALSE
90476,"111853_1749724462_1_4032059#1749761334#94#Active",1749761334,1749761428,94,"Active",FALSE,FALSE
90477,"111853_1749724462_1_4032059#1749761428#50#Active",1749761428,1749761478,50,"Active",FALSE,FALSE
90478,"111853_1749724462_1_4032059#1749761478#14#Sedentary",1749761478,1749761492,14,"Sedentary",FALSE,FALSE
90479,"111853_1749724462_1_4032059#1749761492#93#Active",1749761492,1749761585,93,"Active",FALSE,FALSE
90480,"111853_1749724462_1_4032059#1749761585#146#Active",1749761585,1749761731,146,"Active",FALSE,FALSE
90481,"111853_1749724462_1_4032059#1749761731#16#Active",1749761731,1749761747,16,"Active",FALSE,FALSE
90482,"111853_1749724462_1_4032059#1749761747#51#Active",1749761747,1749761798,51,"Active",FALSE,FALSE
90483,"111853_1749724462_1_4032059#1749761798#100#Active",1749761798,1749761898,100,"Active",FALSE,FALSE
90484,"111853_1749724462_1_4032059#1749761898#75#Active",1749761898,1749761973,75,"Active",FALSE,FALSE
90485,"111853_1749724462_1_4032059#1749761973#92#Sedentary",1749761973,1749762065,92,"Sedentary",FALSE,FALSE
90486,"111853_1749724462_1_4032059#1749762065#8#Sedentary",1749762065,1749762073,8,"Sedentary",FALSE,FALSE
90487,"111853_1749724462_1_4032059#1749762073#15#Sedentary",1749762073,1749762088,15,"Sedentary",FALSE,FALSE
90488,"111853_1749724462_1_4032059#1749762088#151#Active",1749762088,1749762239,151,"Active",FALSE,FALSE
90489,"111853_1749724462_1_4032059#1749762239#56#Active",1749762239,1749762295,56,"Active",FALSE,FALSE
90490,"111853_1749724462_1_4032059#1749762295#70#Active",1749762295,1749762365,70,"Active",FALSE,FALSE
90491,"111853_1749724462_1_4032059#1749762365#78#Active",1749762365,1749762443,78,"Active",FALSE,FALSE
90492,"111853_1749724462_1_4032059#1749762443#163#Active",1749762443,1749762606,163,"Active",FALSE,FALSE
90493,"111853_1749724462_1_4032059#1749762606#12#Active",1749762606,1749762618,12,"Active",FALSE,FALSE
90494,"111853_1749724462_1_4032059#1749762618#52#Active",1749762618,1749762670,52,"Active",FALSE,FALSE
90495,"111853_1749724462_1_4032059#1749762670#44#Sedentary",1749762670,1749762714,44,"Sedentary",FALSE,FALSE
90496,"111853_1749724462_1_4032059#1749762714#49#Active",1749762714,1749762763,49,"Active",FALSE,FALSE
90497,"111853_1749724462_1_4032059#1749762763#60#Active",1749762763,1749762823,60,"Active",FALSE,FALSE
90498,"111853_1749724462_1_4032059#1749762823#32#SlowWalk",1749762823,1749762855,32,"SlowWalk",FALSE,FALSE
90499,"111853_1749724462_1_4032059#1749762855#128#Active",1749762855,1749762983,128,"Active",FALSE,FALSE
90500,"111853_1749724462_1_4032059#1749762983#17#Active",1749762983,1749763000,17,"Active",FALSE,FALSE
90501,"111853_1749724462_1_4032059#1749763000#58#Sedentary",1749763000,1749763058,58,"Sedentary",FALSE,FALSE
90502,"111853_1749724462_1_4032059#1749763058#13#Sedentary",1749763058,1749763071,13,"Sedentary",FALSE,FALSE
90503,"111853_1749724462_1_4032059#1749763071#14#Sedentary",1749763071,1749763085,14,"Sedentary",FALSE,FALSE
90504,"111853_1749724462_1_4032059#1749763085#15#Active",1749763085,1749763100,15,"Active",FALSE,FALSE
90505,"111853_1749724462_1_4032059#1749763100#92#Active",1749763100,1749763192,92,"Active",FALSE,FALSE
90506,"111853_1749724462_1_4032059#1749763192#33#Active",1749763192,1749763225,33,"Active",FALSE,FALSE
90507,"111853_1749724462_1_4032059#1749763225#85#Sedentary",1749763225,1749763310,85,"Sedentary",FALSE,FALSE
90508,"111853_1749724462_1_4032059#1749763310#17#Active",1749763310,1749763327,17,"Active",FALSE,FALSE
90509,"111853_1749724462_1_4032059#1749763327#248#Active",1749763327,1749763575,248,"Active",FALSE,FALSE
90510,"111853_1749724462_1_4032059#1749763575#8#Sedentary",1749763575,1749763583,8,"Sedentary",FALSE,FALSE
90511,"111853_1749724462_1_4032059#1749763583#12#SlowWalk",1749763583,1749763595,12,"SlowWalk",FALSE,FALSE
90512,"111853_1749724462_1_4032059#1749763595#10#Sedentary",1749763595,1749763605,10,"Sedentary",FALSE,FALSE
90513,"111853_1749724462_1_4032059#1749763605#370#Active",1749763605,1749763975,370,"Active",FALSE,FALSE
90514,"111853_1749724462_1_4032059#1749763975#8#Sedentary",1749763975,1749763983,8,"Sedentary",FALSE,FALSE
90515,"111853_1749724462_1_4032059#1749763983#150#Active",1749763983,1749764133,150,"Active",FALSE,FALSE
90516,"111853_1749724462_1_4032059#1749764133#29#Active",1749764133,1749764162,29,"Active",FALSE,FALSE
90517,"111853_1749724462_1_4032059#1749764162#75#Active",1749764162,1749764237,75,"Active",FALSE,FALSE
90518,"111853_1749724462_1_4032059#1749764237#22#Active",1749764237,1749764259,22,"Active",FALSE,FALSE
90519,"111853_1749724462_1_4032059#1749764259#36#Sedentary",1749764259,1749764295,36,"Sedentary",FALSE,FALSE
90520,"111853_1749724462_1_4032059#1749764295#166#Active",1749764295,1749764461,166,"Active",FALSE,FALSE
90521,"111853_1749724462_1_4032059#1749764461#36#Active",1749764461,1749764497,36,"Active",FALSE,FALSE
90522,"111853_1749724462_1_4032059#1749764497#68#Active",1749764497,1749764565,68,"Active",FALSE,FALSE
90523,"111853_1749724462_1_4032059#1749764565#22#Active",1749764565,1749764587,22,"Active",FALSE,FALSE
90524,"111853_1749724462_1_4032059#1749764587#38#Active",1749764587,1749764625,38,"Active",FALSE,FALSE
90525,"111853_1749724462_1_4032059#1749764625#48#Active",1749764625,1749764673,48,"Active",FALSE,FALSE
90526,"111853_1749724462_1_4032059#1749764673#29#Sedentary",1749764673,1749764702,29,"Sedentary",FALSE,FALSE
90527,"111853_1749724462_1_4032059#1749764702#21#Sedentary",1749764702,1749764723,21,"Sedentary",FALSE,FALSE
90528,"111853_1749724462_1_4032059#1749764723#24#Sedentary",1749764723,1749764747,24,"Sedentary",FALSE,FALSE
90529,"111853_1749724462_1_4032059#1749764747#11#Sedentary",1749764747,1749764758,11,"Sedentary",FALSE,FALSE
90530,"111853_1749724462_1_4032059#1749764758#17#Active",1749764758,1749764775,17,"Active",FALSE,FALSE
90531,"111853_1749724462_1_4032059#1749764775#10#Sedentary",1749764775,1749764785,10,"Sedentary",FALSE,FALSE
90532,"111853_1749724462_1_4032059#1749764785#46#Sedentary",1749764785,1749764831,46,"Sedentary",FALSE,FALSE
90533,"111853_1749724462_1_4032059#1749764831#20#Active",1749764831,1749764851,20,"Active",FALSE,FALSE
90534,"111853_1749724462_1_4032059#1749764851#5#Sedentary",1749764851,1749764856,5,"Sedentary",FALSE,FALSE
90535,"111853_1749724462_1_4032059#1749764856#60#Sedentary",1749764856,1749764916,60,"Sedentary",FALSE,FALSE
90536,"111853_1749724462_1_4032059#1749764916#45#Sedentary",1749764916,1749764961,45,"Sedentary",FALSE,FALSE
90537,"111853_1749724462_1_4032059#1749764961#56#Active",1749764961,1749765017,56,"Active",FALSE,FALSE
90538,"111853_1749724462_1_4032059#1749765017#343#Active",1749765017,1749765360,343,"Active",FALSE,FALSE
90539,"111853_1749724462_1_4032059#1749765360#22#Active",1749765360,1749765382,22,"Active",FALSE,FALSE
90540,"111853_1749724462_1_4032059#1749765382#76#Active",1749765382,1749765458,76,"Active",FALSE,FALSE
90541,"111853_1749724462_1_4032059#1749765458#20#Sedentary",1749765458,1749765478,20,"Sedentary",FALSE,FALSE
90542,"111853_1749724462_1_4032059#1749765478#58#Active",1749765478,1749765536,58,"Active",FALSE,FALSE
90543,"111853_1749724462_1_4032059#1749765536#68#Sedentary",1749765536,1749765604,68,"Sedentary",FALSE,FALSE
90544,"111853_1749724462_1_4032059#1749765604#110#Active",1749765604,1749765714,110,"Active",FALSE,FALSE
90545,"111853_1749724462_1_4032059#1749765714#140#Active",1749765714,1749765854,140,"Active",FALSE,FALSE
90546,"111853_1749724462_1_4032059#1749765854#39#Active",1749765854,1749765893,39,"Active",FALSE,FALSE
90547,"111853_1749724462_1_4032059#1749765893#28#Active",1749765893,1749765921,28,"Active",FALSE,FALSE
90548,"111853_1749724462_1_4032059#1749765921#196#Active",1749765921,1749766117,196,"Active",FALSE,FALSE
90549,"111853_1749724462_1_4032059#1749766117#54#Sedentary",1749766117,1749766171,54,"Sedentary",FALSE,FALSE
90550,"111853_1749724462_1_4032059#1749766171#6#Active",1749766171,1749766177,6,"Active",FALSE,FALSE
90551,"111853_1749724462_1_4032059#1749766177#108#Active",1749766177,1749766285,108,"Active",FALSE,FALSE
90552,"111853_1749724462_1_4032059#1749766285#14#Active",1749766285,1749766299,14,"Active",FALSE,FALSE
90553,"111853_1749724462_1_4032059#1749766299#57#Active",1749766299,1749766356,57,"Active",FALSE,FALSE
90554,"111853_1749724462_1_4032059#1749766356#406#Active",1749766356,1749766762,406,"Active",FALSE,FALSE
90555,"111853_1749724462_1_4032059#1749766762#20#Active",1749766762,1749766782,20,"Active",FALSE,FALSE
90556,"111853_1749724462_1_4032059#1749766782#33#Active",1749766782,1749766815,33,"Active",FALSE,FALSE
90557,"111853_1749724462_1_4032059#1749766815#51#Active",1749766815,1749766866,51,"Active",FALSE,FALSE
90558,"111853_1749724462_1_4032059#1749766866#14#Sedentary",1749766866,1749766880,14,"Sedentary",FALSE,FALSE
90559,"111853_1749724462_1_4032059#1749766880#51#Active",1749766880,1749766931,51,"Active",FALSE,FALSE
90560,"111853_1749724462_1_4032059#1749766931#15#Active",1749766931,1749766946,15,"Active",FALSE,FALSE
90561,"111853_1749724462_1_4032059#1749766946#58#Active",1749766946,1749767004,58,"Active",FALSE,FALSE
90562,"111853_1749724462_1_4032059#1749767004#10#Active",1749767004,1749767014,10,"Active",FALSE,FALSE
90563,"111853_1749724462_1_4032059#1749767014#36#Active",1749767014,1749767050,36,"Active",FALSE,FALSE
90564,"111853_1749724462_1_4032059#1749767050#26#Sedentary",1749767050,1749767076,26,"Sedentary",FALSE,FALSE
90565,"111853_1749724462_1_4032059#1749767076#45#Active",1749767076,1749767121,45,"Active",FALSE,FALSE
90566,"111853_1749724462_1_4032059#1749767121#27#SlowWalk",1749767121,1749767148,27,"SlowWalk",FALSE,FALSE
90567,"111853_1749724462_1_4032059#1749767148#102#Active",1749767148,1749767250,102,"Active",FALSE,FALSE
90568,"111853_1749724462_1_4032059#1749767250#11#Active",1749767250,1749767261,11,"Active",FALSE,FALSE
90569,"111853_1749724462_1_4032059#1749767261#15#Active",1749767261,1749767276,15,"Active",FALSE,FALSE
90570,"111853_1749724462_1_4032059#1749767276#12#Active",1749767276,1749767288,12,"Active",FALSE,FALSE
90571,"111853_1749724462_1_4032059#1749767288#21#SlowWalk",1749767288,1749767309,21,"SlowWalk",FALSE,FALSE
90572,"111853_1749724462_1_4032059#1749767309#25245#Sleep",1749767309,1749792554,25245,"Sleep",FALSE,FALSE
90573,"111853_1749724462_1_4032059#1749792554#39#Sedentary",1749792554,1749792593,39,"Sedentary",FALSE,FALSE
90574,"111853_1749724462_1_4032059#1749792593#143#Sedentary",1749792593,1749792736,143,"Sedentary",FALSE,FALSE
90575,"111853_1749724462_1_4032059#1749792736#20#Sedentary",1749792736,1749792756,20,"Sedentary",FALSE,FALSE
90576,"111853_1749724462_1_4032059#1749792756#212#Sedentary",1749792756,1749792968,212,"Sedentary",FALSE,FALSE
90577,"111853_1749724462_1_4032059#1749792968#88#Active",1749792968,1749793056,88,"Active",FALSE,FALSE
90578,"111853_1749724462_1_4032059#1749793056#33#Active",1749793056,1749793089,33,"Active",FALSE,FALSE
90579,"111853_1749724462_1_4032059#1749793089#19#Active",1749793089,1749793108,19,"Active",FALSE,FALSE
90580,"111853_1749724462_1_4032059#1749793108#86#Active",1749793108,1749793194,86,"Active",FALSE,FALSE
90581,"111853_1749724462_1_4032059#1749793194#10#Active",1749793194,1749793204,10,"Active",FALSE,FALSE
90582,"111853_1749724462_1_4032059#1749793204#46#Active",1749793204,1749793250,46,"Active",FALSE,FALSE
90583,"111853_1749724462_1_4032059#1749793250#281#Active",1749793250,1749793531,281,"Active",FALSE,FALSE
90584,"111853_1749724462_1_4032059#1749793531#133#Sedentary",1749793531,1749793664,133,"Sedentary",FALSE,FALSE
90585,"111853_1749724462_1_4032059#1749793664#15#Sedentary",1749793664,1749793679,15,"Sedentary",FALSE,FALSE
90586,"111853_1749724462_1_4032059#1749793679#117#Sedentary",1749793679,1749793796,117,"Sedentary",FALSE,FALSE
90587,"111853_1749724462_1_4032059#1749793796#15#Sedentary",1749793796,1749793811,15,"Sedentary",FALSE,FALSE
90588,"111853_1749724462_1_4032059#1749793811#26#Sedentary",1749793811,1749793837,26,"Sedentary",FALSE,FALSE
90589,"111853_1749724462_1_4032059#1749793837#135#Sedentary",1749793837,1749793972,135,"Sedentary",FALSE,FALSE
90590,"111853_1749724462_1_4032059#1749793972#106#Sedentary",1749793972,1749794078,106,"Sedentary",FALSE,FALSE
90591,"111853_1749724462_1_4032059#1749794078#27#Sedentary",1749794078,1749794105,27,"Sedentary",FALSE,FALSE
90592,"111853_1749724462_1_4032059#1749794105#19#Sedentary",1749794105,1749794124,19,"Sedentary",FALSE,FALSE
90593,"111853_1749724462_1_4032059#1749794124#26#Sedentary",1749794124,1749794150,26,"Sedentary",FALSE,FALSE
90594,"111853_1749724462_1_4032059#1749794150#51#Sedentary",1749794150,1749794201,51,"Sedentary",FALSE,FALSE
90595,"111853_1749724462_1_4032059#1749794201#6#Sedentary",1749794201,1749794207,6,"Sedentary",FALSE,FALSE
90596,"111853_1749724462_1_4032059#1749794207#185#Sedentary",1749794207,1749794392,185,"Sedentary",FALSE,FALSE
90597,"111853_1749724462_1_4032059#1749794392#16#Sedentary",1749794392,1749794408,16,"Sedentary",FALSE,FALSE
90598,"111853_1749724462_1_4032059#1749794408#9#Active",1749794408,1749794417,9,"Active",FALSE,FALSE
90599,"111853_1749724462_1_4032059#1749794417#46#Sedentary",1749794417,1749794463,46,"Sedentary",FALSE,FALSE
90600,"111853_1749724462_1_4032059#1749794463#30#SlowWalk",1749794463,1749794493,30,"SlowWalk",FALSE,FALSE
90601,"111853_1749724462_1_4032059#1749794493#45#Active",1749794493,1749794538,45,"Active",FALSE,FALSE
90602,"111853_1749724462_1_4032059#1749794538#44#Sedentary",1749794538,1749794582,44,"Sedentary",FALSE,FALSE
90603,"111853_1749724462_1_4032059#1749794582#56#Active",1749794582,1749794638,56,"Active",FALSE,FALSE
90604,"111853_1749724462_1_4032059#1749794638#1749#Sedentary",1749794638,1749796387,1749,"Sedentary",FALSE,FALSE
90605,"111853_1749724462_1_4032059#1749796387#9#Sedentary",1749796387,1749796396,9,"Sedentary",FALSE,FALSE
90606,"111853_1749724462_1_4032059#1749796396#2860#Sedentary",1749796396,1749799256,2860,"Sedentary",FALSE,FALSE
90607,"111853_1749724462_1_4032059#1749799256#6#Sedentary",1749799256,1749799262,6,"Sedentary",FALSE,FALSE
90608,"111853_1749724462_1_4032059#1749799262#115#Sedentary",1749799262,1749799377,115,"Sedentary",FALSE,FALSE
90609,"111853_1749724462_1_4032059#1749799377#36#Sedentary",1749799377,1749799413,36,"Sedentary",FALSE,FALSE
90610,"111853_1749724462_1_4032059#1749799413#34#Sedentary",1749799413,1749799447,34,"Sedentary",FALSE,FALSE
90611,"111853_1749724462_1_4032059#1749799447#31#Sedentary",1749799447,1749799478,31,"Sedentary",FALSE,FALSE
90612,"111853_1749724462_1_4032059#1749799478#186#Sedentary",1749799478,1749799664,186,"Sedentary",FALSE,FALSE
90613,"111853_1749724462_1_4032059#1749799664#22#Sedentary",1749799664,1749799686,22,"Sedentary",FALSE,FALSE
90614,"111853_1749724462_1_4032059#1749799686#5#Sedentary",1749799686,1749799691,5,"Sedentary",FALSE,FALSE
90615,"111853_1749724462_1_4032059#1749799691#39#Sedentary",1749799691,1749799730,39,"Sedentary",FALSE,FALSE
90616,"111853_1749724462_1_4032059#1749799730#15#Sedentary",1749799730,1749799745,15,"Sedentary",FALSE,FALSE
90617,"111853_1749724462_1_4032059#1749799745#776#Sedentary",1749799745,1749800521,776,"Sedentary",FALSE,FALSE
90618,"111853_1749724462_1_4032059#1749800521#31#Sedentary",1749800521,1749800552,31,"Sedentary",FALSE,FALSE
90619,"111853_1749724462_1_4032059#1749800552#780#Sedentary",1749800552,1749801332,780,"Sedentary",FALSE,FALSE
90620,"111853_1749724462_1_4032059#1749801332#25#Sedentary",1749801332,1749801357,25,"Sedentary",FALSE,FALSE
90621,"111853_1749724462_1_4032059#1749801357#5#Sedentary",1749801357,1749801362,5,"Sedentary",FALSE,FALSE
90622,"111853_1749724462_1_4032059#1749801362#23#Sedentary",1749801362,1749801385,23,"Sedentary",FALSE,FALSE
90623,"111853_1749724462_1_4032059#1749801385#44#Sedentary",1749801385,1749801429,44,"Sedentary",FALSE,FALSE
90624,"111853_1749724462_1_4032059#1749801429#20#Sedentary",1749801429,1749801449,20,"Sedentary",FALSE,FALSE
90625,"111853_1749724462_1_4032059#1749801449#12#Sedentary",1749801449,1749801461,12,"Sedentary",FALSE,FALSE
90626,"111853_1749724462_1_4032059#1749801461#26#Sedentary",1749801461,1749801487,26,"Sedentary",FALSE,FALSE
90627,"111853_1749724462_1_4032059#1749801487#20#Sedentary",1749801487,1749801507,20,"Sedentary",FALSE,FALSE
90628,"111853_1749724462_1_4032059#1749801507#67#Sedentary",1749801507,1749801574,67,"Sedentary",FALSE,FALSE
90629,"111853_1749724462_1_4032059#1749801574#29#Sedentary",1749801574,1749801603,29,"Sedentary",FALSE,FALSE
90630,"111853_1749724462_1_4032059#1749801603#33#Active",1749801603,1749801636,33,"Active",FALSE,FALSE
90631,"111853_1749724462_1_4032059#1749801636#49#Sedentary",1749801636,1749801685,49,"Sedentary",FALSE,FALSE
90632,"111853_1749724462_1_4032059#1749801685#77#Sedentary",1749801685,1749801762,77,"Sedentary",FALSE,FALSE
90633,"111853_1749724462_1_4032059#1749801762#70#Sedentary",1749801762,1749801832,70,"Sedentary",FALSE,FALSE
90634,"111853_1749724462_1_4032059#1749801832#81#Sedentary",1749801832,1749801913,81,"Sedentary",FALSE,FALSE
90635,"111853_1749724462_1_4032059#1749801913#63#Sedentary",1749801913,1749801976,63,"Sedentary",FALSE,FALSE
90636,"111853_1749724462_1_4032059#1749801976#57#Sedentary",1749801976,1749802033,57,"Sedentary",FALSE,FALSE
90637,"111853_1749724462_1_4032059#1749802033#131#Sedentary",1749802033,1749802164,131,"Sedentary",FALSE,FALSE
90638,"111853_1749724462_1_4032059#1749802164#58#Sedentary",1749802164,1749802222,58,"Sedentary",FALSE,FALSE
90639,"111853_1749724462_1_4032059#1749802222#66#Sedentary",1749802222,1749802288,66,"Sedentary",FALSE,FALSE
90640,"111853_1749724462_1_4032059#1749802288#109#Active",1749802288,1749802397,109,"Active",FALSE,FALSE
90641,"111853_1749724462_1_4032059#1749802397#48#Active",1749802397,1749802445,48,"Active",FALSE,FALSE
90642,"111853_1749724462_1_4032059#1749802445#33#Active",1749802445,1749802478,33,"Active",FALSE,FALSE
90643,"111853_1749724462_1_4032059#1749802478#55#Sedentary",1749802478,1749802533,55,"Sedentary",FALSE,FALSE
90644,"111853_1749724462_1_4032059#1749802533#5#Active",1749802533,1749802538,5,"Active",FALSE,FALSE
90645,"111853_1749724462_1_4032059#1749802538#42#Sedentary",1749802538,1749802580,42,"Sedentary",FALSE,FALSE
90646,"111853_1749724462_1_4032059#1749802580#96#Sedentary",1749802580,1749802676,96,"Sedentary",FALSE,FALSE
90647,"111853_1749724462_1_4032059#1749802676#56#Sedentary",1749802676,1749802732,56,"Sedentary",FALSE,FALSE
90648,"111853_1749724462_1_4032059#1749802732#8#Active",1749802732,1749802740,8,"Active",FALSE,FALSE
90649,"111853_1749724462_1_4032059#1749802740#61#Sedentary",1749802740,1749802801,61,"Sedentary",FALSE,FALSE
90650,"111853_1749724462_1_4032059#1749802801#20#Sedentary",1749802801,1749802821,20,"Sedentary",FALSE,FALSE
90651,"111853_1749724462_1_4032059#1749802821#56#Sedentary",1749802821,1749802877,56,"Sedentary",FALSE,FALSE
90652,"111853_1749724462_1_4032059#1749802877#6#Sedentary",1749802877,1749802883,6,"Sedentary",FALSE,FALSE
90653,"111853_1749724462_1_4032059#1749802883#114#Active",1749802883,1749802997,114,"Active",FALSE,FALSE
90654,"111853_1749724462_1_4032059#1749802997#93#Sedentary",1749802997,1749803090,93,"Sedentary",FALSE,FALSE
90655,"111853_1749724462_1_4032059#1749803090#113#SlowWalk",1749803090,1749803203,113,"SlowWalk",FALSE,FALSE
90656,"111853_1749724462_1_4032059#1749803203#171#FastWalk",1749803203,1749803374,171,"FastWalk",FALSE,FALSE
90657,"111853_1749724462_1_4032059#1749803374#28#Active",1749803374,1749803402,28,"Active",FALSE,FALSE
90658,"111853_1749724462_1_4032059#1749803402#5#Sedentary",1749803402,1749803407,5,"Sedentary",FALSE,FALSE
90659,"111853_1749724462_1_4032059#1749803407#11#Active",1749803407,1749803418,11,"Active",FALSE,FALSE
90660,"111853_1749724462_1_4032059#1749803418#21#SlowWalk",1749803418,1749803439,21,"SlowWalk",FALSE,FALSE
90661,"111853_1749724462_1_4032059#1749803439#35#SlowWalk",1749803439,1749803474,35,"SlowWalk",FALSE,FALSE
90662,"111853_1749724462_1_4032059#1749803474#38#Active",1749803474,1749803512,38,"Active",FALSE,FALSE
90663,"111853_1749724462_1_4032059#1749803512#71#Active",1749803512,1749803583,71,"Active",FALSE,FALSE
90664,"111853_1749724462_1_4032059#1749803583#65#SlowWalk",1749803583,1749803648,65,"SlowWalk",FALSE,FALSE
90665,"111853_1749724462_1_4032059#1749803648#16#FastWalk",1749803648,1749803664,16,"FastWalk",FALSE,FALSE
90666,"111853_1749724462_1_4032059#1749803664#59#Active",1749803664,1749803723,59,"Active",FALSE,FALSE
90667,"111853_1749724462_1_4032059#1749803723#18#Active",1749803723,1749803741,18,"Active",FALSE,FALSE
90668,"111853_1749724462_1_4032059#1749803741#81#Active",1749803741,1749803822,81,"Active",FALSE,FALSE
90669,"111853_1749724462_1_4032059#1749803822#6#Active",1749803822,1749803828,6,"Active",FALSE,FALSE
90670,"111853_1749724462_1_4032059#1749803828#23#Active",1749803828,1749803851,23,"Active",FALSE,FALSE
90671,"111853_1749724462_1_4032059#1749803851#87#Sedentary",1749803851,1749803938,87,"Sedentary",FALSE,FALSE
90672,"111853_1749724462_1_4032059#1749803938#138#Sedentary",1749803938,1749804076,138,"Sedentary",FALSE,FALSE
90673,"111853_1749724462_1_4032059#1749804076#21#Sedentary",1749804076,1749804097,21,"Sedentary",FALSE,FALSE
90674,"111853_1749724462_1_4032059#1749804097#39#Sedentary",1749804097,1749804136,39,"Sedentary",FALSE,FALSE
90675,"111853_1749724462_1_4032059#1749804136#24#Sedentary",1749804136,1749804160,24,"Sedentary",FALSE,FALSE
90676,"111853_1749724462_1_4032059#1749804160#34#Sedentary",1749804160,1749804194,34,"Sedentary",FALSE,FALSE
90677,"111853_1749724462_1_4032059#1749804194#32#Sedentary",1749804194,1749804226,32,"Sedentary",FALSE,FALSE
90678,"111853_1749724462_1_4032059#1749804226#77#Sedentary",1749804226,1749804303,77,"Sedentary",FALSE,FALSE
90679,"111853_1749724462_1_4032059#1749804303#29#Sedentary",1749804303,1749804332,29,"Sedentary",FALSE,FALSE
90680,"111853_1749724462_1_4032059#1749804332#30#Sedentary",1749804332,1749804362,30,"Sedentary",FALSE,FALSE
90681,"111853_1749724462_1_4032059#1749804362#70#Sedentary",1749804362,1749804432,70,"Sedentary",FALSE,FALSE
90682,"111853_1749724462_1_4032059#1749804432#28#Sedentary",1749804432,1749804460,28,"Sedentary",FALSE,FALSE
90683,"111853_1749724462_1_4032059#1749804460#37#Sedentary",1749804460,1749804497,37,"Sedentary",FALSE,FALSE
90684,"111853_1749724462_1_4032059#1749804497#48#SlowWalk",1749804497,1749804545,48,"SlowWalk",FALSE,FALSE
90685,"111853_1749724462_1_4032059#1749804545#21#Active",1749804545,1749804566,21,"Active",FALSE,FALSE
90686,"111853_1749724462_1_4032059#1749804566#45#Sedentary",1749804566,1749804611,45,"Sedentary",FALSE,FALSE
90687,"111853_1749724462_1_4032059#1749804611#28#Sedentary",1749804611,1749804639,28,"Sedentary",FALSE,FALSE
90688,"111853_1749724462_1_4032059#1749804639#57#Sedentary",1749804639,1749804696,57,"Sedentary",FALSE,FALSE
90689,"111853_1749724462_1_4032059#1749804696#13#Sedentary",1749804696,1749804709,13,"Sedentary",FALSE,FALSE
90690,"111853_1749724462_1_4032059#1749804709#5#Active",1749804709,1749804714,5,"Active",FALSE,FALSE
90691,"111853_1749724462_1_4032059#1749804714#35#Sedentary",1749804714,1749804749,35,"Sedentary",FALSE,FALSE
90692,"111853_1749724462_1_4032059#1749804749#7#Sedentary",1749804749,1749804756,7,"Sedentary",FALSE,FALSE
90693,"111853_1749724462_1_4032059#1749804756#184#Active",1749804756,1749804940,184,"Active",FALSE,FALSE
90694,"111853_1749724462_1_4032059#1749804940#5#Sedentary",1749804940,1749804945,5,"Sedentary",FALSE,FALSE
90695,"111853_1749724462_1_4032059#1749804945#73#Sedentary",1749804945,1749805018,73,"Sedentary",FALSE,FALSE
90696,"111853_1749724462_1_4032059#1749805018#143#SlowWalk",1749805018,1749805161,143,"SlowWalk",FALSE,FALSE
90697,"111853_1749724462_1_4032059#1749805161#32#Active",1749805161,1749805193,32,"Active",FALSE,FALSE
90698,"111853_1749724462_1_4032059#1749805193#53#Active",1749805193,1749805246,53,"Active",FALSE,FALSE
90699,"111853_1749724462_1_4032059#1749805246#34#SlowWalk",1749805246,1749805280,34,"SlowWalk",FALSE,FALSE
90700,"111853_1749724462_1_4032059#1749805280#39#Active",1749805280,1749805319,39,"Active",FALSE,FALSE
90701,"111853_1749724462_1_4032059#1749805319#44#Sedentary",1749805319,1749805363,44,"Sedentary",FALSE,FALSE
90702,"111853_1749724462_1_4032059#1749805363#89#Active",1749805363,1749805452,89,"Active",FALSE,FALSE
90703,"111853_1749724462_1_4032059#1749805452#16#Sedentary",1749805452,1749805468,16,"Sedentary",FALSE,FALSE
90704,"111853_1749724462_1_4032059#1749805468#60#Active",1749805468,1749805528,60,"Active",FALSE,FALSE
90705,"111853_1749724462_1_4032059#1749805528#27#Sedentary",1749805528,1749805555,27,"Sedentary",FALSE,FALSE
90706,"111853_1749724462_1_4032059#1749805555#13#Active",1749805555,1749805568,13,"Active",FALSE,FALSE
90707,"111853_1749724462_1_4032059#1749805568#59#Active",1749805568,1749805627,59,"Active",FALSE,FALSE
90708,"111853_1749724462_1_4032059#1749805627#21#Active",1749805627,1749805648,21,"Active",FALSE,FALSE
90709,"111853_1749724462_1_4032059#1749805648#34#Sedentary",1749805648,1749805682,34,"Sedentary",FALSE,FALSE
90710,"111853_1749724462_1_4032059#1749805682#45#Sedentary",1749805682,1749805727,45,"Sedentary",FALSE,FALSE
90711,"111853_1749724462_1_4032059#1749805727#75#Active",1749805727,1749805802,75,"Active",FALSE,FALSE
90712,"111853_1749724462_1_4032059#1749805802#9#Sedentary",1749805802,1749805811,9,"Sedentary",FALSE,FALSE
90713,"111853_1749724462_1_4032059#1749805811#39#Sedentary",1749805811,1749805850,39,"Sedentary",FALSE,FALSE
90714,"111853_1749724462_1_4032059#1749805850#27#Sedentary",1749805850,1749805877,27,"Sedentary",FALSE,FALSE
90715,"111853_1749724462_1_4032059#1749805877#59#Active",1749805877,1749805936,59,"Active",FALSE,FALSE
90716,"111853_1749724462_1_4032059#1749805936#9#Sedentary",1749805936,1749805945,9,"Sedentary",FALSE,FALSE
90717,"111853_1749724462_1_4032059#1749805945#20#SlowWalk",1749805945,1749805965,20,"SlowWalk",FALSE,FALSE
90718,"111853_1749724462_1_4032059#1749805965#145#Sedentary",1749805965,1749806110,145,"Sedentary",FALSE,FALSE
90719,"111853_1749724462_1_4032059#1749806110#19#Sedentary",1749806110,1749806129,19,"Sedentary",FALSE,FALSE
90720,"111853_1749724462_1_4032059#1749806129#18#Sedentary",1749806129,1749806147,18,"Sedentary",FALSE,FALSE
90721,"111853_1749724462_1_4032059#1749806147#69#Sedentary",1749806147,1749806216,69,"Sedentary",FALSE,FALSE
90722,"111853_1749724462_1_4032059#1749806216#38#Sedentary",1749806216,1749806254,38,"Sedentary",FALSE,FALSE
90723,"111853_1749724462_1_4032059#1749806254#14#Sedentary",1749806254,1749806268,14,"Sedentary",FALSE,FALSE
90724,"111853_1749724462_1_4032059#1749806268#36#Sedentary",1749806268,1749806304,36,"Sedentary",FALSE,FALSE
90725,"111853_1749724462_1_4032059#1749806304#67#Sedentary",1749806304,1749806371,67,"Sedentary",FALSE,FALSE
90726,"111853_1749724462_1_4032059#1749806371#21#Sedentary",1749806371,1749806392,21,"Sedentary",FALSE,FALSE
90727,"111853_1749724462_1_4032059#1749806392#10#Sedentary",1749806392,1749806402,10,"Sedentary",FALSE,FALSE
90728,"111853_1749724462_1_4032059#1749806402#37#Sedentary",1749806402,1749806439,37,"Sedentary",FALSE,FALSE
90729,"111853_1749724462_1_4032059#1749806439#8#Sedentary",1749806439,1749806447,8,"Sedentary",FALSE,FALSE
90730,"111853_1749724462_1_4032059#1749806447#53#Sedentary",1749806447,1749806500,53,"Sedentary",FALSE,FALSE
90731,"111853_1749724462_1_4032059#1749806500#23#Sedentary",1749806500,1749806523,23,"Sedentary",FALSE,FALSE
90732,"111853_1749724462_1_4032059#1749806523#16#Sedentary",1749806523,1749806539,16,"Sedentary",FALSE,FALSE
90733,"111853_1749724462_1_4032059#1749806539#9#Sedentary",1749806539,1749806548,9,"Sedentary",FALSE,FALSE
90734,"111853_1749724462_1_4032059#1749806548#5#Active",1749806548,1749806553,5,"Active",FALSE,FALSE
90735,"111853_1749724462_1_4032059#1749806553#66#Active",1749806553,1749806619,66,"Active",FALSE,FALSE
90736,"111853_1749724462_1_4032059#1749806619#57#Sedentary",1749806619,1749806676,57,"Sedentary",FALSE,FALSE
90737,"111853_1749724462_1_4032059#1749806676#119#Sedentary",1749806676,1749806795,119,"Sedentary",FALSE,FALSE
90738,"111853_1749724462_1_4032059#1749806795#66#Sedentary",1749806795,1749806861,66,"Sedentary",FALSE,FALSE
90739,"111853_1749724462_1_4032059#1749806861#269#Sedentary",1749806861,1749807130,269,"Sedentary",FALSE,FALSE
90740,"111853_1749724462_1_4032059#1749807130#94#Sedentary",1749807130,1749807224,94,"Sedentary",FALSE,FALSE
90741,"111853_1749724462_1_4032059#1749807224#36#Sedentary",1749807224,1749807260,36,"Sedentary",FALSE,FALSE
90742,"111853_1749724462_1_4032059#1749807260#20#Sedentary",1749807260,1749807280,20,"Sedentary",FALSE,FALSE
90743,"111853_1749724462_1_4032059#1749807280#31#Sedentary",1749807280,1749807311,31,"Sedentary",FALSE,FALSE
90744,"111853_1749724462_1_4032059#1749807311#45#Sedentary",1749807311,1749807356,45,"Sedentary",FALSE,FALSE
90745,"111853_1749724462_1_4032059#1749807356#6#Sedentary",1749807356,1749807362,6,"Sedentary",FALSE,FALSE
90746,"111853_1749724462_1_4032059#1749807362#10#SlowWalk",1749807362,1749807372,10,"SlowWalk",FALSE,FALSE
90747,"111853_1749724462_1_4032059#1749807372#65#Sedentary",1749807372,1749807437,65,"Sedentary",FALSE,FALSE
90748,"111853_1749724462_1_4032059#1749807437#5#Sedentary",1749807437,1749807442,5,"Sedentary",FALSE,FALSE
90749,"111853_1749724462_1_4032059#1749807442#52#Sedentary",1749807442,1749807494,52,"Sedentary",FALSE,FALSE
90750,"111853_1749724462_1_4032059#1749807494#157#Active",1749807494,1749807651,157,"Active",FALSE,FALSE
90751,"111853_1749724462_1_4032059#1749807651#16#Sedentary",1749807651,1749807667,16,"Sedentary",FALSE,FALSE
90752,"111853_1749724462_1_4032059#1749807667#74#Sedentary",1749807667,1749807741,74,"Sedentary",FALSE,FALSE
90753,"111853_1749724462_1_4032059#1749807741#35#Sedentary",1749807741,1749807776,35,"Sedentary",FALSE,FALSE
90754,"111853_1749724462_1_4032059#1749807776#10#Sedentary",1749807776,1749807786,10,"Sedentary",FALSE,FALSE
90755,"111853_1749724462_1_4032059#1749807786#105#Sedentary",1749807786,1749807891,105,"Sedentary",FALSE,FALSE
90756,"111853_1749724462_1_4032059#1749807891#22#Sedentary",1749807891,1749807913,22,"Sedentary",FALSE,FALSE
90757,"111853_1749724462_1_4032059#1749807913#61#Sedentary",1749807913,1749807974,61,"Sedentary",FALSE,FALSE
90758,"111853_1749724462_1_4032059#1749807974#33#Sedentary",1749807974,1749808007,33,"Sedentary",FALSE,FALSE
90759,"111853_1749724462_1_4032059#1749808007#48#Active",1749808007,1749808055,48,"Active",FALSE,FALSE
90760,"111853_1749724462_1_4032059#1749808055#56#Active",1749808055,1749808111,56,"Active",FALSE,FALSE
90761,"111853_1749724462_1_4032059#1749808111#104#Active",1749808111,1749808215,104,"Active",FALSE,FALSE
90762,"111853_1749724462_1_4032059#1749808215#24#Sedentary",1749808215,1749808239,24,"Sedentary",FALSE,FALSE
90763,"111853_1749724462_1_4032059#1749808239#13#Sedentary",1749808239,1749808252,13,"Sedentary",FALSE,FALSE
90764,"111853_1749724462_1_4032059#1749808252#27#Sedentary",1749808252,1749808279,27,"Sedentary",FALSE,FALSE
90765,"111853_1749724462_1_4032059#1749808279#72#Sedentary",1749808279,1749808351,72,"Sedentary",FALSE,FALSE
90766,"111853_1749724462_1_4032059#1749808351#9#Sedentary",1749808351,1749808360,9,"Sedentary",FALSE,FALSE
90767,"111853_1749724462_1_4032059#1749808360#41#Sedentary",1749808360,1749808401,41,"Sedentary",FALSE,FALSE
90768,"111853_1749724462_1_4032059#1749808401#33#Sedentary",1749808401,1749808434,33,"Sedentary",FALSE,FALSE
90769,"111853_1749724462_1_4032059#1749808434#9#Sedentary",1749808434,1749808443,9,"Sedentary",FALSE,FALSE
90770,"111853_1749724462_1_4032059#1749808443#18#Sedentary",1749808443,1749808461,18,"Sedentary",FALSE,FALSE
90771,"111853_1749724462_1_4032059#1749808461#32#Sedentary",1749808461,1749808493,32,"Sedentary",FALSE,FALSE
90772,"111853_1749724462_1_4032059#1749808493#14#Sedentary",1749808493,1749808507,14,"Sedentary",FALSE,FALSE
90773,"111853_1749724462_1_4032059#1749808507#44#Sedentary",1749808507,1749808551,44,"Sedentary",FALSE,FALSE
90774,"111853_1749724462_1_4032059#1749808551#57#Sedentary",1749808551,1749808608,57,"Sedentary",FALSE,FALSE
90775,"111853_1749724462_1_4032059#1749808608#44#Sedentary",1749808608,1749808652,44,"Sedentary",FALSE,FALSE
90776,"111853_1749724462_1_4032059#1749808652#10#Sedentary",1749808652,1749808662,10,"Sedentary",FALSE,FALSE
90777,"111853_1749724462_1_4032059#1749808662#18#Sedentary",1749808662,1749808680,18,"Sedentary",FALSE,FALSE
90778,"111853_1749724462_1_4032059#1749808680#6#Active",1749808680,1749808686,6,"Active",FALSE,FALSE
90779,"111853_1749724462_1_4032059#1749808686#27#Sedentary",1749808686,1749808713,27,"Sedentary",FALSE,FALSE
90780,"111853_1749724462_1_4032059#1749808713#40#Sedentary",1749808713,1749808753,40,"Sedentary",FALSE,FALSE
90781,"111853_1749724462_1_4032059#1749808753#49#Sedentary",1749808753,1749808802,49,"Sedentary",FALSE,FALSE
90782,"111853_1749724462_1_4032059#1749808802#125#Sedentary",1749808802,1749808927,125,"Sedentary",FALSE,FALSE
90783,"111853_1749724462_1_4032059#1749808927#24#SlowWalk",1749808927,1749808951,24,"SlowWalk",FALSE,FALSE
90784,"111853_1749724462_1_4032059#1749808951#11#Sedentary",1749808951,1749808962,11,"Sedentary",FALSE,FALSE
90785,"111853_1749724462_1_4032059#1749808962#18#Sedentary",1749808962,1749808980,18,"Sedentary",FALSE,FALSE
90786,"111853_1749724462_1_4032059#1749808980#20#Sedentary",1749808980,1749809000,20,"Sedentary",FALSE,FALSE
90787,"111853_1749724462_1_4032059#1749809000#33#Sedentary",1749809000,1749809033,33,"Sedentary",FALSE,FALSE
90788,"111853_1749724462_1_4032059#1749809033#16#Sedentary",1749809033,1749809049,16,"Sedentary",FALSE,FALSE
90789,"111853_1749724462_1_4032059#1749809049#43#Sedentary",1749809049,1749809092,43,"Sedentary",FALSE,FALSE
90790,"111853_1749724462_1_4032059#1749809092#14#Sedentary",1749809092,1749809106,14,"Sedentary",FALSE,FALSE
90791,"111853_1749724462_1_4032059#1749809106#79#Sedentary",1749809106,1749809185,79,"Sedentary",FALSE,FALSE
90792,"111853_1749724462_1_4032059#1749809185#30#Sedentary",1749809185,1749809215,30,"Sedentary",FALSE,FALSE
90793,"111853_1749724462_1_4032059#1749809215#23#Sedentary",1749809215,1749809238,23,"Sedentary",FALSE,FALSE
90794,"111853_1749724462_1_4032059#1749809238#27#Sedentary",1749809238,1749809265,27,"Sedentary",FALSE,FALSE
90795,"111853_1749724462_1_4032059#1749809265#12#Sedentary",1749809265,1749809277,12,"Sedentary",FALSE,FALSE
90796,"111853_1749724462_1_4032059#1749809277#106#Sedentary",1749809277,1749809383,106,"Sedentary",FALSE,FALSE
90797,"111853_1749724462_1_4032059#1749809383#39#Sedentary",1749809383,1749809422,39,"Sedentary",FALSE,FALSE
90798,"111853_1749724462_1_4032059#1749809422#193#Active",1749809422,1749809615,193,"Active",FALSE,FALSE
90799,"111853_1749724462_1_4032059#1749809615#37#Active",1749809615,1749809652,37,"Active",FALSE,FALSE
90800,"111853_1749724462_1_4032059#1749809652#6#Sedentary",1749809652,1749809658,6,"Sedentary",FALSE,FALSE
90801,"111853_1749724462_1_4032059#1749809658#8#Active",1749809658,1749809666,8,"Active",FALSE,FALSE
90802,"111853_1749724462_1_4032059#1749809666#13#Active",1749809666,1749809679,13,"Active",FALSE,FALSE
90803,"111853_1749724462_1_4032059#1749809679#18#Sedentary",1749809679,1749809697,18,"Sedentary",FALSE,FALSE
90804,"111853_1749724462_1_4032059#1749809697#9#Sedentary",1749809697,1749809706,9,"Sedentary",FALSE,FALSE
90805,"111853_1749724462_1_4032059#1749809706#25#Sedentary",1749809706,1749809731,25,"Sedentary",FALSE,FALSE
90806,"111853_1749724462_1_4032059#1749809731#27#Sedentary",1749809731,1749809758,27,"Sedentary",FALSE,FALSE
90807,"111853_1749724462_1_4032059#1749809758#155#Active",1749809758,1749809913,155,"Active",FALSE,FALSE
90808,"111853_1749724462_1_4032059#1749809913#23#Active",1749809913,1749809936,23,"Active",FALSE,FALSE
90809,"111853_1749724462_1_4032059#1749809936#30#Sedentary",1749809936,1749809966,30,"Sedentary",FALSE,FALSE
90810,"111853_1749724462_1_4032059#1749809966#24#Sedentary",1749809966,1749809990,24,"Sedentary",FALSE,FALSE
90811,"111853_1749724462_1_4032059#1749809990#11#Sedentary",1749809990,1749810001,11,"Sedentary",FALSE,FALSE
90812,"111853_1749724462_1_4032059#1749810001#69#Sedentary",1749810001,1749810070,69,"Sedentary",FALSE,FALSE
90813,"111853_1749724462_1_4032059#1749810070#22#Sedentary",1749810070,1749810092,22,"Sedentary",FALSE,FALSE
90814,"111853_1749724462_1_4032059#1749810092#33#Sedentary",1749810092,1749810125,33,"Sedentary",FALSE,FALSE
90815,"111853_1749724462_1_4032059#1749810125#10#Active",1749810125,1749810135,10,"Active",FALSE,FALSE
90816,"111853_1749724462_1_4032059#1749810135#22#Sedentary",1749810135,1749810157,22,"Sedentary",FALSE,FALSE
90817,"111853_1749724462_1_4032059#1749810157#26#Sedentary",1749810157,1749810183,26,"Sedentary",FALSE,FALSE
90818,"111853_1749724462_1_4032059#1749810183#138#Sedentary",1749810183,1749810321,138,"Sedentary",FALSE,FALSE
90819,"111853_1749724462_1_4032059#1749810321#140#Sedentary",1749810321,1749810461,140,"Sedentary",FALSE,FALSE
90820,"111853_1749724462_1_4032059#1749810461#10#Sedentary",1749810461,1749810471,10,"Sedentary",FALSE,FALSE
90821,"111853_1749724462_1_4032059#1749810471#77#Sedentary",1749810471,1749810548,77,"Sedentary",FALSE,FALSE
90822,"111853_1749724462_1_4032059#1749810548#38#Sedentary",1749810548,1749810586,38,"Sedentary",FALSE,FALSE
90823,"111853_1749724462_1_4032059#1749810586#36#Sedentary",1749810586,1749810622,36,"Sedentary",FALSE,FALSE
90824,"111853_1749724462_1_4032059#1749810622#94#Sedentary",1749810622,1749810716,94,"Sedentary",FALSE,FALSE
90825,"111853_1749724462_1_4032059#1749810716#42#Sedentary",1749810716,1749810758,42,"Sedentary",FALSE,FALSE
90826,"111853_1749724462_1_4032059#1749810758#58#Sedentary",1749810758,1749810816,58,"Sedentary",FALSE,FALSE
90827,"111853_1749724462_1_4032059#1749810816#62#Sedentary",1749810816,1749810878,62,"Sedentary",FALSE,FALSE
90828,"111853_1749724462_1_4032059#1749810878#555#Sedentary",1749810878,1749811433,555,"Sedentary",FALSE,FALSE
90829,"111853_1749724462_1_4032059#1749811433#14#SlowWalk",1749811433,1749811447,14,"SlowWalk",FALSE,FALSE
90830,"111853_1749724462_1_4032059#1749811447#28#Active",1749811447,1749811475,28,"Active",FALSE,FALSE
90831,"111853_1749724462_1_4032059#1749811475#39#Active",1749811475,1749811514,39,"Active",FALSE,FALSE
90832,"111853_1749724462_1_4032059#1749811514#36#SlowWalk",1749811514,1749811550,36,"SlowWalk",FALSE,FALSE
90833,"111853_1749724462_1_4032059#1749811550#9#Sedentary",1749811550,1749811559,9,"Sedentary",FALSE,FALSE
90834,"111853_1749724462_1_4032059#1749811559#37#Active",1749811559,1749811596,37,"Active",FALSE,FALSE
90835,"111853_1749724462_1_4032059#1749811596#79#SlowWalk",1749811596,1749811675,79,"SlowWalk",FALSE,FALSE
90836,"111853_1749724462_1_4032059#1749811675#23#Active",1749811675,1749811698,23,"Active",FALSE,FALSE
90837,"111853_1749724462_1_4032059#1749811698#7#Sedentary",1749811698,1749811705,7,"Sedentary",FALSE,FALSE
90838,"111853_1749724462_1_4032059#1749811705#22#Active",1749811705,1749811727,22,"Active",FALSE,FALSE
90839,"111853_1749724462_1_4032059#1749811727#8#Active",1749811727,1749811735,8,"Active",FALSE,FALSE
90840,"111853_1749724462_1_4032059#1749811735#15#Sedentary",1749811735,1749811750,15,"Sedentary",FALSE,FALSE
90841,"111853_1749724462_1_4032059#1749811750#8#Sedentary",1749811750,1749811758,8,"Sedentary",FALSE,FALSE
90842,"111853_1749724462_1_4032059#1749811758#17#Sedentary",1749811758,1749811775,17,"Sedentary",FALSE,FALSE
90843,"111853_1749724462_1_4032059#1749811775#11#Sedentary",1749811775,1749811786,11,"Sedentary",FALSE,FALSE
90844,"111853_1749724462_1_4032059#1749811786#44#Sedentary",1749811786,1749811830,44,"Sedentary",FALSE,FALSE
90845,"111853_1749724462_1_4032059#1749811830#184#Sedentary",1749811830,1749812014,184,"Sedentary",FALSE,FALSE
90846,"111853_1749724462_1_4032059#1749812014#14#Sedentary",1749812014,1749812028,14,"Sedentary",FALSE,FALSE
90847,"111853_1749724462_1_4032059#1749812028#105#Active",1749812028,1749812133,105,"Active",FALSE,FALSE
90848,"111853_1749724462_1_4032059#1749812133#16#Sedentary",1749812133,1749812149,16,"Sedentary",FALSE,FALSE
90849,"111853_1749724462_1_4032059#1749812149#8#Active",1749812149,1749812157,8,"Active",FALSE,FALSE
90850,"111853_1749724462_1_4032059#1749812157#13#Sedentary",1749812157,1749812170,13,"Sedentary",FALSE,FALSE
90851,"111853_1749724462_1_4032059#1749812170#18#Sedentary",1749812170,1749812188,18,"Sedentary",FALSE,FALSE
90852,"111853_1749724462_1_4032059#1749812188#125#Sedentary",1749812188,1749812313,125,"Sedentary",FALSE,FALSE
90853,"111853_1749724462_1_4032059#1749812313#79#Sedentary",1749812313,1749812392,79,"Sedentary",FALSE,FALSE
90854,"111853_1749724462_1_4032059#1749812392#52#Sedentary",1749812392,1749812444,52,"Sedentary",FALSE,FALSE
90855,"111853_1749724462_1_4032059#1749812444#6#Sedentary",1749812444,1749812450,6,"Sedentary",FALSE,FALSE
90856,"111853_1749724462_1_4032059#1749812450#7#Active",1749812450,1749812457,7,"Active",FALSE,FALSE
90857,"111853_1749724462_1_4032059#1749812457#52#Sedentary",1749812457,1749812509,52,"Sedentary",FALSE,FALSE
90858,"111853_1749724462_1_4032059#1749812509#6#Sedentary",1749812509,1749812515,6,"Sedentary",FALSE,FALSE
90859,"111853_1749724462_1_4032059#1749812515#78#Sedentary",1749812515,1749812593,78,"Sedentary",FALSE,FALSE
90860,"111853_1749724462_1_4032059#1749812593#51#Sedentary",1749812593,1749812644,51,"Sedentary",FALSE,FALSE
90861,"111853_1749724462_1_4032059#1749812644#11#Sedentary",1749812644,1749812655,11,"Sedentary",FALSE,FALSE
90862,"111853_1749724462_1_4032059#1749812655#23#Sedentary",1749812655,1749812678,23,"Sedentary",FALSE,FALSE
90863,"111853_1749724462_1_4032059#1749812678#37#Sedentary",1749812678,1749812715,37,"Sedentary",FALSE,FALSE
90864,"111853_1749724462_1_4032059#1749812715#54#Sedentary",1749812715,1749812769,54,"Sedentary",FALSE,FALSE
90865,"111853_1749724462_1_4032059#1749812769#48#Sedentary",1749812769,1749812817,48,"Sedentary",FALSE,FALSE
90866,"111853_1749724462_1_4032059#1749812817#31#Sedentary",1749812817,1749812848,31,"Sedentary",FALSE,FALSE
90867,"111853_1749724462_1_4032059#1749812848#6#Sedentary",1749812848,1749812854,6,"Sedentary",FALSE,FALSE
90868,"111853_1749724462_1_4032059#1749812854#60#Sedentary",1749812854,1749812914,60,"Sedentary",FALSE,FALSE
90869,"111853_1749724462_1_4032059#1749812914#23#Sedentary",1749812914,1749812937,23,"Sedentary",FALSE,FALSE
90870,"111853_1749724462_1_4032059#1749812937#15#Sedentary",1749812937,1749812952,15,"Sedentary",FALSE,FALSE
90871,"111853_1749724462_1_4032059#1749812952#18#Sedentary",1749812952,1749812970,18,"Sedentary",FALSE,FALSE
90872,"111853_1749724462_1_4032059#1749812970#388#Sedentary",1749812970,1749813358,388,"Sedentary",FALSE,FALSE
90873,"111853_1749724462_1_4032059#1749813358#15#Sedentary",1749813358,1749813373,15,"Sedentary",FALSE,FALSE
90874,"111853_1749724462_1_4032059#1749813373#18#Sedentary",1749813373,1749813391,18,"Sedentary",FALSE,FALSE
90875,"111853_1749724462_1_4032059#1749813391#57#Sedentary",1749813391,1749813448,57,"Sedentary",FALSE,FALSE
90876,"111853_1749724462_1_4032059#1749813448#11#Sedentary",1749813448,1749813459,11,"Sedentary",FALSE,FALSE
90877,"111853_1749724462_1_4032059#1749813459#39#Active",1749813459,1749813498,39,"Active",FALSE,FALSE
90878,"111853_1749724462_1_4032059#1749813498#43#Sedentary",1749813498,1749813541,43,"Sedentary",FALSE,FALSE
90879,"111853_1749724462_1_4032059#1749813541#172#Sedentary",1749813541,1749813713,172,"Sedentary",FALSE,FALSE
90880,"111853_1749724462_1_4032059#1749813713#129#Sedentary",1749813713,1749813842,129,"Sedentary",FALSE,FALSE
90881,"111853_1749724462_1_4032059#1749813842#10#Active",1749813842,1749813852,10,"Active",FALSE,FALSE
90882,"111853_1749724462_1_4032059#1749813852#206#Active",1749813852,1749814058,206,"Active",FALSE,FALSE
90883,"111853_1749724462_1_4032059#1749814058#26#Active",1749814058,1749814084,26,"Active",FALSE,FALSE
90884,"111853_1749724462_1_4032059#1749814084#11#Active",1749814084,1749814095,11,"Active",FALSE,FALSE
90885,"111853_1749724462_1_4032059#1749814095#246#Active",1749814095,1749814341,246,"Active",FALSE,FALSE
90886,"111853_1749724462_1_4032059#1749814341#37#SlowWalk",1749814341,1749814378,37,"SlowWalk",FALSE,FALSE
90887,"111853_1749724462_1_4032059#1749814378#120#FastWalk",1749814378,1749814498,120,"FastWalk",FALSE,FALSE
90888,"111853_1749724462_1_4032059#1749814498#15#Sedentary",1749814498,1749814513,15,"Sedentary",FALSE,FALSE
90889,"111853_1749724462_1_4032059#1749814513#275#Active",1749814513,1749814788,275,"Active",FALSE,FALSE
90890,"111853_1749724462_1_4032059#1749814788#66#Active",1749814788,1749814854,66,"Active",FALSE,FALSE
90891,"111853_1749724462_1_4032059#1749814854#10#Sedentary",1749814854,1749814864,10,"Sedentary",FALSE,FALSE
90892,"111853_1749724462_1_4032059#1749814864#30#Active",1749814864,1749814894,30,"Active",FALSE,FALSE
90893,"111853_1749724462_1_4032059#1749814894#5#Active",1749814894,1749814899,5,"Active",FALSE,FALSE
90894,"111853_1749724462_1_4032059#1749814899#15#Active",1749814899,1749814914,15,"Active",FALSE,FALSE
90895,"111853_1749724462_1_4032059#1749814914#14#Active",1749814914,1749814928,14,"Active",FALSE,FALSE
90896,"111853_1749724462_1_4032059#1749814928#144#Active",1749814928,1749815072,144,"Active",FALSE,FALSE
90897,"111853_1749724462_1_4032059#1749815072#5#Sedentary",1749815072,1749815077,5,"Sedentary",FALSE,FALSE
90898,"111853_1749724462_1_4032059#1749815077#51#Active",1749815077,1749815128,51,"Active",FALSE,FALSE
90899,"111853_1749724462_1_4032059#1749815128#82#Active",1749815128,1749815210,82,"Active",FALSE,FALSE
90900,"111853_1749724462_1_4032059#1749815210#15#Active",1749815210,1749815225,15,"Active",FALSE,FALSE
90901,"111853_1749724462_1_4032059#1749815225#28#Active",1749815225,1749815253,28,"Active",FALSE,FALSE
90902,"111853_1749724462_1_4032059#1749815253#33#Active",1749815253,1749815286,33,"Active",FALSE,FALSE
90903,"111853_1749724462_1_4032059#1749815286#83#Active",1749815286,1749815369,83,"Active",FALSE,FALSE
90904,"111853_1749724462_1_4032059#1749815369#9#Active",1749815369,1749815378,9,"Active",FALSE,FALSE
90905,"111853_1749724462_1_4032059#1749815378#23#Sedentary",1749815378,1749815401,23,"Sedentary",FALSE,FALSE
90906,"111853_1749724462_1_4032059#1749815401#62#Sedentary",1749815401,1749815463,62,"Sedentary",FALSE,FALSE
90907,"111853_1749724462_1_4032059#1749815463#26#Sedentary",1749815463,1749815489,26,"Sedentary",FALSE,FALSE
90908,"111853_1749724462_1_4032059#1749815489#313#Active",1749815489,1749815802,313,"Active",FALSE,FALSE
90909,"111853_1749724462_1_4032059#1749815802#6#Sedentary",1749815802,1749815808,6,"Sedentary",FALSE,FALSE
90910,"111853_1749724462_1_4032059#1749815808#87#Sedentary",1749815808,1749815895,87,"Sedentary",FALSE,FALSE
90911,"111853_1749724462_1_4032059#1749815895#24#Sedentary",1749815895,1749815919,24,"Sedentary",FALSE,FALSE
90912,"111853_1749724462_1_4032059#1749815919#5#Sedentary",1749815919,1749815924,5,"Sedentary",FALSE,FALSE
90913,"111853_1749724462_1_4032059#1749815924#28#Sedentary",1749815924,1749815952,28,"Sedentary",FALSE,FALSE
90914,"111853_1749724462_1_4032059#1749815952#29#Sedentary",1749815952,1749815981,29,"Sedentary",FALSE,FALSE
90915,"111853_1749724462_1_4032059#1749815981#60#Sedentary",1749815981,1749816041,60,"Sedentary",FALSE,FALSE
90916,"111853_1749724462_1_4032059#1749816041#65#Sedentary",1749816041,1749816106,65,"Sedentary",FALSE,FALSE
90917,"111853_1749724462_1_4032059#1749816106#122#Sedentary",1749816106,1749816228,122,"Sedentary",FALSE,FALSE
90918,"111853_1749724462_1_4032059#1749816228#7#Sedentary",1749816228,1749816235,7,"Sedentary",FALSE,FALSE
90919,"111853_1749724462_1_4032059#1749816235#21#Sedentary",1749816235,1749816256,21,"Sedentary",FALSE,FALSE
90920,"111853_1749724462_1_4032059#1749816256#18#Sedentary",1749816256,1749816274,18,"Sedentary",FALSE,FALSE
90921,"111853_1749724462_1_4032059#1749816274#35#Sedentary",1749816274,1749816309,35,"Sedentary",FALSE,FALSE
90922,"111853_1749724462_1_4032059#1749816309#28#Sedentary",1749816309,1749816337,28,"Sedentary",FALSE,FALSE
90923,"111853_1749724462_1_4032059#1749816337#26#Sedentary",1749816337,1749816363,26,"Sedentary",FALSE,FALSE
90924,"111853_1749724462_1_4032059#1749816363#103#Sedentary",1749816363,1749816466,103,"Sedentary",FALSE,FALSE
90925,"111853_1749724462_1_4032059#1749816466#84#Sedentary",1749816466,1749816550,84,"Sedentary",FALSE,FALSE
90926,"111853_1749724462_1_4032059#1749816550#29#Sedentary",1749816550,1749816579,29,"Sedentary",FALSE,FALSE
90927,"111853_1749724462_1_4032059#1749816579#19#Sedentary",1749816579,1749816598,19,"Sedentary",FALSE,FALSE
90928,"111853_1749724462_1_4032059#1749816598#5#Sedentary",1749816598,1749816603,5,"Sedentary",FALSE,FALSE
90929,"111853_1749724462_1_4032059#1749816603#47#Sedentary",1749816603,1749816650,47,"Sedentary",FALSE,FALSE
90930,"111853_1749724462_1_4032059#1749816650#18#Sedentary",1749816650,1749816668,18,"Sedentary",FALSE,FALSE
90931,"111853_1749724462_1_4032059#1749816668#30#Sedentary",1749816668,1749816698,30,"Sedentary",FALSE,FALSE
90932,"111853_1749724462_1_4032059#1749816698#27#Sedentary",1749816698,1749816725,27,"Sedentary",FALSE,FALSE
90933,"111853_1749724462_1_4032059#1749816725#17#Sedentary",1749816725,1749816742,17,"Sedentary",FALSE,FALSE
90934,"111853_1749724462_1_4032059#1749816742#116#Sedentary",1749816742,1749816858,116,"Sedentary",FALSE,FALSE
90935,"111853_1749724462_1_4032059#1749816858#99#Sedentary",1749816858,1749816957,99,"Sedentary",FALSE,FALSE
90936,"111853_1749724462_1_4032059#1749816957#71#Sedentary",1749816957,1749817028,71,"Sedentary",FALSE,FALSE
90937,"111853_1749724462_1_4032059#1749817028#10#Sedentary",1749817028,1749817038,10,"Sedentary",FALSE,FALSE
90938,"111853_1749724462_1_4032059#1749817038#62#Sedentary",1749817038,1749817100,62,"Sedentary",FALSE,FALSE
90939,"111853_1749724462_1_4032059#1749817100#60#Sedentary",1749817100,1749817160,60,"Sedentary",FALSE,FALSE
90940,"111853_1749724462_1_4032059#1749817160#56#Sedentary",1749817160,1749817216,56,"Sedentary",FALSE,FALSE
90941,"111853_1749724462_1_4032059#1749817216#192#Sedentary",1749817216,1749817408,192,"Sedentary",FALSE,FALSE
90942,"111853_1749724462_1_4032059#1749817408#136#Sedentary",1749817408,1749817544,136,"Sedentary",FALSE,FALSE
90943,"111853_1749724462_1_4032059#1749817544#21#Sedentary",1749817544,1749817565,21,"Sedentary",FALSE,FALSE
90944,"111853_1749724462_1_4032059#1749817565#23#Sedentary",1749817565,1749817588,23,"Sedentary",FALSE,FALSE
90945,"111853_1749724462_1_4032059#1749817588#36#Sedentary",1749817588,1749817624,36,"Sedentary",FALSE,FALSE
90946,"111853_1749724462_1_4032059#1749817624#133#Sedentary",1749817624,1749817757,133,"Sedentary",FALSE,FALSE
90947,"111853_1749724462_1_4032059#1749817757#139#Sedentary",1749817757,1749817896,139,"Sedentary",FALSE,FALSE
90948,"111853_1749724462_1_4032059#1749817896#383#Sedentary",1749817896,1749818279,383,"Sedentary",FALSE,FALSE
90949,"111853_1749724462_1_4032059#1749818279#5#Sedentary",1749818279,1749818284,5,"Sedentary",FALSE,FALSE
90950,"111853_1749724462_1_4032059#1749818284#9#Sedentary",1749818284,1749818293,9,"Sedentary",FALSE,FALSE
90951,"111853_1749724462_1_4032059#1749818293#87#Sedentary",1749818293,1749818380,87,"Sedentary",FALSE,FALSE
90952,"111853_1749724462_1_4032059#1749818380#37#Sedentary",1749818380,1749818417,37,"Sedentary",FALSE,FALSE
90953,"111853_1749724462_1_4032059#1749818417#21#Sedentary",1749818417,1749818438,21,"Sedentary",FALSE,FALSE
90954,"111853_1749724462_1_4032059#1749818438#57#Sedentary",1749818438,1749818495,57,"Sedentary",FALSE,FALSE
90955,"111853_1749724462_1_4032059#1749818495#348#Sedentary",1749818495,1749818843,348,"Sedentary",FALSE,FALSE
90956,"111853_1749724462_1_4032059#1749818843#25#Sedentary",1749818843,1749818868,25,"Sedentary",FALSE,FALSE
90957,"111853_1749724462_1_4032059#1749818868#31#Sedentary",1749818868,1749818899,31,"Sedentary",FALSE,FALSE
90958,"111853_1749724462_1_4032059#1749818899#20#Sedentary",1749818899,1749818919,20,"Sedentary",FALSE,FALSE
90959,"111853_1749724462_1_4032059#1749818919#60#Sedentary",1749818919,1749818979,60,"Sedentary",FALSE,FALSE
90960,"111853_1749724462_1_4032059#1749818979#20#Sedentary",1749818979,1749818999,20,"Sedentary",FALSE,FALSE
90961,"111853_1749724462_1_4032059#1749818999#41#Sedentary",1749818999,1749819040,41,"Sedentary",FALSE,FALSE
90962,"111853_1749724462_1_4032059#1749819040#39#Sedentary",1749819040,1749819079,39,"Sedentary",FALSE,FALSE
90963,"111853_1749724462_1_4032059#1749819079#5#Sedentary",1749819079,1749819084,5,"Sedentary",FALSE,FALSE
90964,"111853_1749724462_1_4032059#1749819084#23#Sedentary",1749819084,1749819107,23,"Sedentary",FALSE,FALSE
90965,"111853_1749724462_1_4032059#1749819107#6#Sedentary",1749819107,1749819113,6,"Sedentary",FALSE,FALSE
90966,"111853_1749724462_1_4032059#1749819113#15#Sedentary",1749819113,1749819128,15,"Sedentary",FALSE,FALSE
90967,"111853_1749724462_1_4032059#1749819128#48#Active",1749819128,1749819176,48,"Active",FALSE,FALSE
90968,"111853_1749724462_1_4032059#1749819176#14#Active",1749819176,1749819190,14,"Active",FALSE,FALSE
90969,"111853_1749724462_1_4032059#1749819190#77#Active",1749819190,1749819267,77,"Active",FALSE,FALSE
90970,"111853_1749724462_1_4032059#1749819267#59#Sedentary",1749819267,1749819326,59,"Sedentary",FALSE,FALSE
90971,"111853_1749724462_1_4032059#1749819326#10#Sedentary",1749819326,1749819336,10,"Sedentary",FALSE,FALSE
90972,"111853_1749724462_1_4032059#1749819336#153#Sedentary",1749819336,1749819489,153,"Sedentary",FALSE,FALSE
90973,"111853_1749724462_1_4032059#1749819489#107#Active",1749819489,1749819596,107,"Active",FALSE,FALSE
90974,"111853_1749724462_1_4032059#1749819596#65#Active",1749819596,1749819661,65,"Active",FALSE,FALSE
90975,"111853_1749724462_1_4032059#1749819661#60#SlowWalk",1749819661,1749819721,60,"SlowWalk",FALSE,FALSE
90976,"111853_1749724462_1_4032059#1749819721#25#SlowWalk",1749819721,1749819746,25,"SlowWalk",FALSE,FALSE
90977,"111853_1749724462_1_4032059#1749819746#118#SlowWalk",1749819746,1749819864,118,"SlowWalk",FALSE,FALSE
90978,"111853_1749724462_1_4032059#1749819864#5#Active",1749819864,1749819869,5,"Active",FALSE,FALSE
90979,"111853_1749724462_1_4032059#1749819869#89#Active",1749819869,1749819958,89,"Active",FALSE,FALSE
90980,"111853_1749724462_1_4032059#1749819958#97#FastWalk",1749819958,1749820055,97,"FastWalk",FALSE,FALSE
90981,"111853_1749724462_1_4032059#1749820055#626#FastWalk",1749820055,1749820681,626,"FastWalk",FALSE,FALSE
90982,"111853_1749724462_1_4032059#1749820681#95#FastWalk",1749820681,1749820776,95,"FastWalk",FALSE,FALSE
90983,"111853_1749724462_1_4032059#1749820776#5#Active",1749820776,1749820781,5,"Active",FALSE,FALSE
90984,"111853_1749724462_1_4032059#1749820781#27#FastWalk",1749820781,1749820808,27,"FastWalk",FALSE,FALSE
90985,"111853_1749724462_1_4032059#1749820808#87#FastWalk",1749820808,1749820895,87,"FastWalk",FALSE,FALSE
90986,"111853_1749724462_1_4032059#1749820895#12#FastWalk",1749820895,1749820907,12,"FastWalk",FALSE,FALSE
90987,"111853_1749724462_1_4032059#1749820907#8#Active",1749820907,1749820915,8,"Active",FALSE,FALSE
90988,"111853_1749724462_1_4032059#1749820915#28#FastWalk",1749820915,1749820943,28,"FastWalk",FALSE,FALSE
90989,"111853_1749724462_1_4032059#1749820943#13#FastWalk",1749820943,1749820956,13,"FastWalk",FALSE,FALSE
90990,"111853_1749724462_1_4032059#1749820956#111#FastWalk",1749820956,1749821067,111,"FastWalk",FALSE,FALSE
90991,"111853_1749724462_1_4032059#1749821067#12#FastWalk",1749821067,1749821079,12,"FastWalk",FALSE,FALSE
90992,"111853_1749724462_1_4032059#1749821079#85#FastWalk",1749821079,1749821164,85,"FastWalk",FALSE,FALSE
90993,"111853_1749724462_1_4032059#1749821164#8#Active",1749821164,1749821172,8,"Active",FALSE,FALSE
90994,"111853_1749724462_1_4032059#1749821172#60#SlowWalk",1749821172,1749821232,60,"SlowWalk",FALSE,FALSE
90995,"111853_1749724462_1_4032059#1749821232#304#Sedentary",1749821232,1749821536,304,"Sedentary",FALSE,FALSE
90996,"111853_1749724462_1_4032059#1749821536#165#Active",1749821536,1749821701,165,"Active",FALSE,FALSE
90997,"111853_1749724462_1_4032059#1749821701#6#Active",1749821701,1749821707,6,"Active",FALSE,FALSE
90998,"111853_1749724462_1_4032059#1749821707#42#Active",1749821707,1749821749,42,"Active",FALSE,FALSE
90999,"111853_1749724462_1_4032059#1749821749#28#SlowWalk",1749821749,1749821777,28,"SlowWalk",FALSE,FALSE
91000,"111853_1749724462_1_4032059#1749821777#15#SlowWalk",1749821777,1749821792,15,"SlowWalk",FALSE,FALSE
91001,"111853_1749724462_1_4032059#1749821792#11#SlowWalk",1749821792,1749821803,11,"SlowWalk",FALSE,FALSE
91002,"111853_1749724462_1_4032059#1749821803#20#Active",1749821803,1749821823,20,"Active",FALSE,FALSE
91003,"111853_1749724462_1_4032059#1749821823#252#Active",1749821823,1749822075,252,"Active",FALSE,FALSE
91004,"111853_1749724462_1_4032059#1749822075#50#Active",1749822075,1749822125,50,"Active",FALSE,FALSE
91005,"111853_1749724462_1_4032059#1749822125#12#Active",1749822125,1749822137,12,"Active",FALSE,FALSE
91006,"111853_1749724462_1_4032059#1749822137#14#Sedentary",1749822137,1749822151,14,"Sedentary",FALSE,FALSE
91007,"111853_1749724462_1_4032059#1749822151#33#Active",1749822151,1749822184,33,"Active",FALSE,FALSE
91008,"111853_1749724462_1_4032059#1749822184#127#Active",1749822184,1749822311,127,"Active",FALSE,FALSE
91009,"111853_1749724462_1_4032059#1749822311#15#Active",1749822311,1749822326,15,"Active",FALSE,FALSE
91010,"111853_1749724462_1_4032059#1749822326#27#Active",1749822326,1749822353,27,"Active",FALSE,FALSE
91011,"111853_1749724462_1_4032059#1749822353#26#Active",1749822353,1749822379,26,"Active",FALSE,FALSE
91012,"111853_1749724462_1_4032059#1749822379#64#Active",1749822379,1749822443,64,"Active",FALSE,FALSE
91013,"111853_1749724462_1_4032059#1749822443#16#Active",1749822443,1749822459,16,"Active",FALSE,FALSE
91014,"111853_1749724462_1_4032059#1749822459#44#Active",1749822459,1749822503,44,"Active",FALSE,FALSE
91015,"111853_1749724462_1_4032059#1749822503#73#Active",1749822503,1749822576,73,"Active",FALSE,FALSE
91016,"111853_1749724462_1_4032059#1749822576#37#Active",1749822576,1749822613,37,"Active",FALSE,FALSE
91017,"111853_1749724462_1_4032059#1749822613#6#Active",1749822613,1749822619,6,"Active",FALSE,FALSE
91018,"111853_1749724462_1_4032059#1749822619#16#Active",1749822619,1749822635,16,"Active",FALSE,FALSE
91019,"111853_1749724462_1_4032059#1749822635#51#Sedentary",1749822635,1749822686,51,"Sedentary",FALSE,FALSE
91020,"111853_1749724462_1_4032059#1749822686#16#Active",1749822686,1749822702,16,"Active",FALSE,FALSE
91021,"111853_1749724462_1_4032059#1749822702#6#Active",1749822702,1749822708,6,"Active",FALSE,FALSE
91022,"111853_1749724462_1_4032059#1749822708#14#Sedentary",1749822708,1749822722,14,"Sedentary",FALSE,FALSE
91023,"111853_1749724462_1_4032059#1749822722#85#Sedentary",1749822722,1749822807,85,"Sedentary",FALSE,FALSE
91024,"111853_1749724462_1_4032059#1749822807#67#Sedentary",1749822807,1749822874,67,"Sedentary",FALSE,FALSE
91025,"111853_1749724462_1_4032059#1749822874#326#Sedentary",1749822874,1749823200,326,"Sedentary",FALSE,FALSE
91026,"111853_1749724462_1_4032059#1749823200#116#SlowWalk",1749823200,1749823316,116,"SlowWalk",FALSE,FALSE
91027,"111853_1749724462_1_4032059#1749823316#31#Active",1749823316,1749823347,31,"Active",FALSE,FALSE
91028,"111853_1749724462_1_4032059#1749823347#164#Active",1749823347,1749823511,164,"Active",FALSE,FALSE
91029,"111853_1749724462_1_4032059#1749823511#38#Active",1749823511,1749823549,38,"Active",FALSE,FALSE
91030,"111853_1749724462_1_4032059#1749823549#154#Active",1749823549,1749823703,154,"Active",FALSE,FALSE
91031,"111853_1749724462_1_4032059#1749823703#14#Active",1749823703,1749823717,14,"Active",FALSE,FALSE
91032,"111853_1749724462_1_4032059#1749823717#13#Sedentary",1749823717,1749823730,13,"Sedentary",FALSE,FALSE
91033,"111853_1749724462_1_4032059#1749823730#25#Sedentary",1749823730,1749823755,25,"Sedentary",FALSE,FALSE
91034,"111853_1749724462_1_4032059#1749823755#13#Active",1749823755,1749823768,13,"Active",FALSE,FALSE
91035,"111853_1749724462_1_4032059#1749823768#68#Active",1749823768,1749823836,68,"Active",FALSE,FALSE
91036,"111853_1749724462_1_4032059#1749823836#16#Sedentary",1749823836,1749823852,16,"Sedentary",FALSE,FALSE
91037,"111853_1749724462_1_4032059#1749823852#6#Active",1749823852,1749823858,6,"Active",FALSE,FALSE
91038,"111853_1749724462_1_4032059#1749823858#45#Sedentary",1749823858,1749823903,45,"Sedentary",FALSE,FALSE
91039,"111853_1749724462_1_4032059#1749823903#34#Sedentary",1749823903,1749823937,34,"Sedentary",FALSE,FALSE
91040,"111853_1749724462_1_4032059#1749823937#19#Sedentary",1749823937,1749823956,19,"Sedentary",FALSE,FALSE
91041,"111853_1749724462_1_4032059#1749823956#38#Sedentary",1749823956,1749823994,38,"Sedentary",FALSE,FALSE
91042,"111853_1749724462_1_4032059#1749823994#16#Sedentary",1749823994,1749824010,16,"Sedentary",FALSE,FALSE
91043,"111853_1749724462_1_4032059#1749824010#92#Sedentary",1749824010,1749824102,92,"Sedentary",FALSE,FALSE
91044,"111853_1749724462_1_4032059#1749824102#18#Sedentary",1749824102,1749824120,18,"Sedentary",FALSE,FALSE
91045,"111853_1749724462_1_4032059#1749824120#7#Active",1749824120,1749824127,7,"Active",FALSE,FALSE
91046,"111853_1749724462_1_4032059#1749824127#25#Sedentary",1749824127,1749824152,25,"Sedentary",FALSE,FALSE
91047,"111853_1749724462_1_4032059#1749824152#15#Sedentary",1749824152,1749824167,15,"Sedentary",FALSE,FALSE
91048,"111853_1749724462_1_4032059#1749824167#18#Sedentary",1749824167,1749824185,18,"Sedentary",FALSE,FALSE
91049,"111853_1749724462_1_4032059#1749824185#34#Sedentary",1749824185,1749824219,34,"Sedentary",FALSE,FALSE
91050,"111853_1749724462_1_4032059#1749824219#16#Sedentary",1749824219,1749824235,16,"Sedentary",FALSE,FALSE
91051,"111853_1749724462_1_4032059#1749824235#7#Sedentary",1749824235,1749824242,7,"Sedentary",FALSE,FALSE
91052,"111853_1749724462_1_4032059#1749824242#28#Sedentary",1749824242,1749824270,28,"Sedentary",FALSE,FALSE
91053,"111853_1749724462_1_4032059#1749824270#10#Sedentary",1749824270,1749824280,10,"Sedentary",FALSE,FALSE
91054,"111853_1749724462_1_4032059#1749824280#31#Sedentary",1749824280,1749824311,31,"Sedentary",FALSE,FALSE
91055,"111853_1749724462_1_4032059#1749824311#13#Sedentary",1749824311,1749824324,13,"Sedentary",FALSE,FALSE
91056,"111853_1749724462_1_4032059#1749824324#82#Sedentary",1749824324,1749824406,82,"Sedentary",FALSE,FALSE
91057,"111853_1749724462_1_4032059#1749824406#15#Active",1749824406,1749824421,15,"Active",FALSE,FALSE
91058,"111853_1749724462_1_4032059#1749824421#30#Sedentary",1749824421,1749824451,30,"Sedentary",FALSE,FALSE
91059,"111853_1749724462_1_4032059#1749824451#20#Active",1749824451,1749824471,20,"Active",FALSE,FALSE
91060,"111853_1749724462_1_4032059#1749824471#14#Sedentary",1749824471,1749824485,14,"Sedentary",FALSE,FALSE
91061,"111853_1749724462_1_4032059#1749824485#96#Sedentary",1749824485,1749824581,96,"Sedentary",FALSE,FALSE
91062,"111853_1749724462_1_4032059#1749824581#65#Sedentary",1749824581,1749824646,65,"Sedentary",FALSE,FALSE
91063,"111853_1749724462_1_4032059#1749824646#6#Sedentary",1749824646,1749824652,6,"Sedentary",FALSE,FALSE
91064,"111853_1749724462_1_4032059#1749824652#16#Sedentary",1749824652,1749824668,16,"Sedentary",FALSE,FALSE
91065,"111853_1749724462_1_4032059#1749824668#46#Sedentary",1749824668,1749824714,46,"Sedentary",FALSE,FALSE
91066,"111853_1749724462_1_4032059#1749824714#56#Sedentary",1749824714,1749824770,56,"Sedentary",FALSE,FALSE
91067,"111853_1749724462_1_4032059#1749824770#11#Sedentary",1749824770,1749824781,11,"Sedentary",FALSE,FALSE
91068,"111853_1749724462_1_4032059#1749824781#14#SlowWalk",1749824781,1749824795,14,"SlowWalk",FALSE,FALSE
91069,"111853_1749724462_1_4032059#1749824795#12#Active",1749824795,1749824807,12,"Active",FALSE,FALSE
91070,"111853_1749724462_1_4032059#1749824807#52#Sedentary",1749824807,1749824859,52,"Sedentary",FALSE,FALSE
91071,"111853_1749724462_1_4032059#1749824859#180#Sedentary",1749824859,1749825039,180,"Sedentary",FALSE,FALSE
91072,"111853_1749724462_1_4032059#1749825039#13#Sedentary",1749825039,1749825052,13,"Sedentary",FALSE,FALSE
91073,"111853_1749724462_1_4032059#1749825052#16#Sedentary",1749825052,1749825068,16,"Sedentary",FALSE,FALSE
91074,"111853_1749724462_1_4032059#1749825068#130#Sedentary",1749825068,1749825198,130,"Sedentary",FALSE,FALSE
91075,"111853_1749724462_1_4032059#1749825198#14#Active",1749825198,1749825212,14,"Active",FALSE,FALSE
91076,"111853_1749724462_1_4032059#1749825212#65#Sedentary",1749825212,1749825277,65,"Sedentary",FALSE,FALSE
91077,"111853_1749724462_1_4032059#1749825277#39#Active",1749825277,1749825316,39,"Active",FALSE,FALSE
91078,"111853_1749724462_1_4032059#1749825316#9#Sedentary",1749825316,1749825325,9,"Sedentary",FALSE,FALSE
91079,"111853_1749724462_1_4032059#1749825325#67#Sedentary",1749825325,1749825392,67,"Sedentary",FALSE,FALSE
91080,"111853_1749724462_1_4032059#1749825392#27#Active",1749825392,1749825419,27,"Active",FALSE,FALSE
91081,"111853_1749724462_1_4032059#1749825419#18#Active",1749825419,1749825437,18,"Active",FALSE,FALSE
91082,"111853_1749724462_1_4032059#1749825437#192#Active",1749825437,1749825629,192,"Active",FALSE,FALSE
91083,"111853_1749724462_1_4032059#1749825629#40#Active",1749825629,1749825669,40,"Active",FALSE,FALSE
91084,"111853_1749724462_1_4032059#1749825669#148#Active",1749825669,1749825817,148,"Active",FALSE,FALSE
91085,"111853_1749724462_1_4032059#1749825817#6#Sedentary",1749825817,1749825823,6,"Sedentary",FALSE,FALSE
91086,"111853_1749724462_1_4032059#1749825823#12#Active",1749825823,1749825835,12,"Active",FALSE,FALSE
91087,"111853_1749724462_1_4032059#1749825835#28#Sedentary",1749825835,1749825863,28,"Sedentary",FALSE,FALSE
91088,"111853_1749724462_1_4032059#1749825863#48#Active",1749825863,1749825911,48,"Active",FALSE,FALSE
91089,"111853_1749724462_1_4032059#1749825911#38#Active",1749825911,1749825949,38,"Active",FALSE,FALSE
91090,"111853_1749724462_1_4032059#1749825949#20#Sedentary",1749825949,1749825969,20,"Sedentary",FALSE,FALSE
91091,"111853_1749724462_1_4032059#1749825969#22#Sedentary",1749825969,1749825991,22,"Sedentary",FALSE,FALSE
91092,"111853_1749724462_1_4032059#1749825991#314#Sedentary",1749825991,1749826305,314,"Sedentary",FALSE,FALSE
91093,"111853_1749724462_1_4032059#1749826305#14#Sedentary",1749826305,1749826319,14,"Sedentary",FALSE,FALSE
91094,"111853_1749724462_1_4032059#1749826319#44#Sedentary",1749826319,1749826363,44,"Sedentary",FALSE,FALSE
91095,"111853_1749724462_1_4032059#1749826363#19#Sedentary",1749826363,1749826382,19,"Sedentary",FALSE,FALSE
91096,"111853_1749724462_1_4032059#1749826382#100#Active",1749826382,1749826482,100,"Active",FALSE,FALSE
91097,"111853_1749724462_1_4032059#1749826482#14#Active",1749826482,1749826496,14,"Active",FALSE,FALSE
91098,"111853_1749724462_1_4032059#1749826496#18#Active",1749826496,1749826514,18,"Active",FALSE,FALSE
91099,"111853_1749724462_1_4032059#1749826514#30#Active",1749826514,1749826544,30,"Active",FALSE,FALSE
91100,"111853_1749724462_1_4032059#1749826544#14#Active",1749826544,1749826558,14,"Active",FALSE,FALSE
91101,"111853_1749724462_1_4032059#1749826558#153#Sedentary",1749826558,1749826711,153,"Sedentary",FALSE,FALSE
91102,"111853_1749724462_1_4032059#1749826711#55#Sedentary",1749826711,1749826766,55,"Sedentary",FALSE,FALSE
91103,"111853_1749724462_1_4032059#1749826766#15#Sedentary",1749826766,1749826781,15,"Sedentary",FALSE,FALSE
91104,"111853_1749724462_1_4032059#1749826781#29#Sedentary",1749826781,1749826810,29,"Sedentary",FALSE,FALSE
91105,"111853_1749724462_1_4032059#1749826810#30#Sedentary",1749826810,1749826840,30,"Sedentary",FALSE,FALSE
91106,"111853_1749724462_1_4032059#1749826840#33#Sedentary",1749826840,1749826873,33,"Sedentary",FALSE,FALSE
91107,"111853_1749724462_1_4032059#1749826873#124#Sedentary",1749826873,1749826997,124,"Sedentary",FALSE,FALSE
91108,"111853_1749724462_1_4032059#1749826997#8#Sedentary",1749826997,1749827005,8,"Sedentary",FALSE,FALSE
91109,"111853_1749724462_1_4032059#1749827005#17#Sedentary",1749827005,1749827022,17,"Sedentary",FALSE,FALSE
91110,"111853_1749724462_1_4032059#1749827022#22#Sedentary",1749827022,1749827044,22,"Sedentary",FALSE,FALSE
91111,"111853_1749724462_1_4032059#1749827044#32#Sedentary",1749827044,1749827076,32,"Sedentary",FALSE,FALSE
91112,"111853_1749724462_1_4032059#1749827076#69#Sedentary",1749827076,1749827145,69,"Sedentary",FALSE,FALSE
91113,"111853_1749724462_1_4032059#1749827145#13#Sedentary",1749827145,1749827158,13,"Sedentary",FALSE,FALSE
91114,"111853_1749724462_1_4032059#1749827158#71#Active",1749827158,1749827229,71,"Active",FALSE,FALSE
91115,"111853_1749724462_1_4032059#1749827229#41#Active",1749827229,1749827270,41,"Active",FALSE,FALSE
91116,"111853_1749724462_1_4032059#1749827270#34#Sedentary",1749827270,1749827304,34,"Sedentary",FALSE,FALSE
91117,"111853_1749724462_1_4032059#1749827304#13#Active",1749827304,1749827317,13,"Active",FALSE,FALSE
91118,"111853_1749724462_1_4032059#1749827317#300#Sedentary",1749827317,1749827617,300,"Sedentary",FALSE,FALSE
91119,"111853_1749724462_1_4032059#1749827617#74#Sedentary",1749827617,1749827691,74,"Sedentary",FALSE,FALSE
91120,"111853_1749724462_1_4032059#1749827691#91#Sedentary",1749827691,1749827782,91,"Sedentary",FALSE,FALSE
91121,"111853_1749724462_1_4032059#1749827782#23#Sedentary",1749827782,1749827805,23,"Sedentary",FALSE,FALSE
91122,"111853_1749724462_1_4032059#1749827805#85#Sedentary",1749827805,1749827890,85,"Sedentary",FALSE,FALSE
91123,"111853_1749724462_1_4032059#1749827890#47#Sedentary",1749827890,1749827937,47,"Sedentary",FALSE,FALSE
91124,"111853_1749724462_1_4032059#1749827937#19#Sedentary",1749827937,1749827956,19,"Sedentary",FALSE,FALSE
91125,"111853_1749724462_1_4032059#1749827956#109#Sedentary",1749827956,1749828065,109,"Sedentary",FALSE,FALSE
91126,"111853_1749724462_1_4032059#1749828065#104#Sedentary",1749828065,1749828169,104,"Sedentary",FALSE,FALSE
91127,"111853_1749724462_1_4032059#1749828169#18#Sedentary",1749828169,1749828187,18,"Sedentary",FALSE,FALSE
91128,"111853_1749724462_1_4032059#1749828187#46#Active",1749828187,1749828233,46,"Active",FALSE,FALSE
91129,"111853_1749724462_1_4032059#1749828233#39#Sedentary",1749828233,1749828272,39,"Sedentary",FALSE,FALSE
91130,"111853_1749724462_1_4032059#1749828272#44#Sedentary",1749828272,1749828316,44,"Sedentary",FALSE,FALSE
91131,"111853_1749724462_1_4032059#1749828316#72#Active",1749828316,1749828388,72,"Active",FALSE,FALSE
91132,"111853_1749724462_1_4032059#1749828388#142#Sedentary",1749828388,1749828530,142,"Sedentary",FALSE,FALSE
91133,"111853_1749724462_1_4032059#1749828530#30#Sedentary",1749828530,1749828560,30,"Sedentary",FALSE,FALSE
91134,"111853_1749724462_1_4032059#1749828560#29#Sedentary",1749828560,1749828589,29,"Sedentary",FALSE,FALSE
91135,"111853_1749724462_1_4032059#1749828589#13#Sedentary",1749828589,1749828602,13,"Sedentary",FALSE,FALSE
91136,"111853_1749724462_1_4032059#1749828602#29#Sedentary",1749828602,1749828631,29,"Sedentary",FALSE,FALSE
91137,"111853_1749724462_1_4032059#1749828631#39#Sedentary",1749828631,1749828670,39,"Sedentary",FALSE,FALSE
91138,"111853_1749724462_1_4032059#1749828670#33#Sedentary",1749828670,1749828703,33,"Sedentary",FALSE,FALSE
91139,"111853_1749724462_1_4032059#1749828703#53#Sedentary",1749828703,1749828756,53,"Sedentary",FALSE,FALSE
91140,"111853_1749724462_1_4032059#1749828756#7#Sedentary",1749828756,1749828763,7,"Sedentary",FALSE,FALSE
91141,"111853_1749724462_1_4032059#1749828763#72#Active",1749828763,1749828835,72,"Active",FALSE,FALSE
91142,"111853_1749724462_1_4032059#1749828835#85#SlowWalk",1749828835,1749828920,85,"SlowWalk",FALSE,FALSE
91143,"111853_1749724462_1_4032059#1749828920#62#SlowWalk",1749828920,1749828982,62,"SlowWalk",FALSE,FALSE
91144,"111853_1749724462_1_4032059#1749828982#30#SlowWalk",1749828982,1749829012,30,"SlowWalk",FALSE,FALSE
91145,"111853_1749724462_1_4032059#1749829012#8#Active",1749829012,1749829020,8,"Active",FALSE,FALSE
91146,"111853_1749724462_1_4032059#1749829020#26#Active",1749829020,1749829046,26,"Active",FALSE,FALSE
91147,"111853_1749724462_1_4032059#1749829046#29#Sedentary",1749829046,1749829075,29,"Sedentary",FALSE,FALSE
91148,"111853_1749724462_1_4032059#1749829075#14#Active",1749829075,1749829089,14,"Active",FALSE,FALSE
91149,"111853_1749724462_1_4032059#1749829089#146#Active",1749829089,1749829235,146,"Active",FALSE,FALSE
91150,"111853_1749724462_1_4032059#1749829235#47#Active",1749829235,1749829282,47,"Active",FALSE,FALSE
91151,"111853_1749724462_1_4032059#1749829282#38#SlowWalk",1749829282,1749829320,38,"SlowWalk",FALSE,FALSE
91152,"111853_1749724462_1_4032059#1749829320#22#Sedentary",1749829320,1749829342,22,"Sedentary",FALSE,FALSE
91153,"111853_1749724462_1_4032059#1749829342#90#SlowWalk",1749829342,1749829432,90,"SlowWalk",FALSE,FALSE
91154,"111853_1749724462_1_4032059#1749829432#256#Active",1749829432,1749829688,256,"Active",FALSE,FALSE
91155,"111853_1749724462_1_4032059#1749829688#46#Active",1749829688,1749829734,46,"Active",FALSE,FALSE
91156,"111853_1749724462_1_4032059#1749829734#21#Sedentary",1749829734,1749829755,21,"Sedentary",FALSE,FALSE
91157,"111853_1749724462_1_4032059#1749829755#27#Sedentary",1749829755,1749829782,27,"Sedentary",FALSE,FALSE
91158,"111853_1749724462_1_4032059#1749829782#28#Sedentary",1749829782,1749829810,28,"Sedentary",FALSE,FALSE
91159,"111853_1749724462_1_4032059#1749829810#7#Sedentary",1749829810,1749829817,7,"Sedentary",FALSE,FALSE
91160,"111853_1749724462_1_4032059#1749829817#54#Sedentary",1749829817,1749829871,54,"Sedentary",FALSE,FALSE
91161,"111853_1749724462_1_4032059#1749829871#36#Sedentary",1749829871,1749829907,36,"Sedentary",FALSE,FALSE
91162,"111853_1749724462_1_4032059#1749829907#29#Sedentary",1749829907,1749829936,29,"Sedentary",FALSE,FALSE
91163,"111853_1749724462_1_4032059#1749829936#59#Sedentary",1749829936,1749829995,59,"Sedentary",FALSE,FALSE
91164,"111853_1749724462_1_4032059#1749829995#18#Sedentary",1749829995,1749830013,18,"Sedentary",FALSE,FALSE
91165,"111853_1749724462_1_4032059#1749830013#22#Active",1749830013,1749830035,22,"Active",FALSE,FALSE
91166,"111853_1749724462_1_4032059#1749830035#12#Sedentary",1749830035,1749830047,12,"Sedentary",FALSE,FALSE
91167,"111853_1749724462_1_4032059#1749830047#19#Active",1749830047,1749830066,19,"Active",FALSE,FALSE
91168,"111853_1749724462_1_4032059#1749830066#26#Active",1749830066,1749830092,26,"Active",FALSE,FALSE
91169,"111853_1749724462_1_4032059#1749830092#44#SlowWalk",1749830092,1749830136,44,"SlowWalk",FALSE,FALSE
91170,"111853_1749724462_1_4032059#1749830136#11#Sedentary",1749830136,1749830147,11,"Sedentary",FALSE,FALSE
91171,"111853_1749724462_1_4032059#1749830147#25#Active",1749830147,1749830172,25,"Active",FALSE,FALSE
91172,"111853_1749724462_1_4032059#1749830172#8#Sedentary",1749830172,1749830180,8,"Sedentary",FALSE,FALSE
91173,"111853_1749724462_1_4032059#1749830180#15#Sedentary",1749830180,1749830195,15,"Sedentary",FALSE,FALSE
91174,"111853_1749724462_1_4032059#1749830195#29#Active",1749830195,1749830224,29,"Active",FALSE,FALSE
91175,"111853_1749724462_1_4032059#1749830224#30#Active",1749830224,1749830254,30,"Active",FALSE,FALSE
91176,"111853_1749724462_1_4032059#1749830254#78#Active",1749830254,1749830332,78,"Active",FALSE,FALSE
91177,"111853_1749724462_1_4032059#1749830332#69#Sedentary",1749830332,1749830401,69,"Sedentary",FALSE,FALSE
91178,"111853_1749724462_1_4032059#1749830401#19#Sedentary",1749830401,1749830420,19,"Sedentary",FALSE,FALSE
91179,"111853_1749724462_1_4032059#1749830420#82#Sedentary",1749830420,1749830502,82,"Sedentary",FALSE,FALSE
91180,"111853_1749724462_1_4032059#1749830502#20#Sedentary",1749830502,1749830522,20,"Sedentary",FALSE,FALSE
91181,"111853_1749724462_1_4032059#1749830522#51#Sedentary",1749830522,1749830573,51,"Sedentary",FALSE,FALSE
91182,"111853_1749724462_1_4032059#1749830573#14#Sedentary",1749830573,1749830587,14,"Sedentary",FALSE,FALSE
91183,"111853_1749724462_1_4032059#1749830587#17#Sedentary",1749830587,1749830604,17,"Sedentary",FALSE,FALSE
91184,"111853_1749724462_1_4032059#1749830604#45#Sedentary",1749830604,1749830649,45,"Sedentary",FALSE,FALSE
91185,"111853_1749724462_1_4032059#1749830649#67#Sedentary",1749830649,1749830716,67,"Sedentary",FALSE,FALSE
91186,"111853_1749724462_1_4032059#1749830716#21#Active",1749830716,1749830737,21,"Active",FALSE,FALSE
91187,"111853_1749724462_1_4032059#1749830737#320#Sedentary",1749830737,1749831057,320,"Sedentary",FALSE,FALSE
91188,"111853_1749724462_1_4032059#1749831057#116#Sedentary",1749831057,1749831173,116,"Sedentary",FALSE,FALSE
91189,"111853_1749724462_1_4032059#1749831173#52#Active",1749831173,1749831225,52,"Active",FALSE,FALSE
91190,"111853_1749724462_1_4032059#1749831225#23#Sedentary",1749831225,1749831248,23,"Sedentary",FALSE,FALSE
91191,"111853_1749724462_1_4032059#1749831248#30#Sedentary",1749831248,1749831278,30,"Sedentary",FALSE,FALSE
91192,"111853_1749724462_1_4032059#1749831278#55#Active",1749831278,1749831333,55,"Active",FALSE,FALSE
91193,"111853_1749724462_1_4032059#1749831333#83#Active",1749831333,1749831416,83,"Active",FALSE,FALSE
91194,"111853_1749724462_1_4032059#1749831416#21#Active",1749831416,1749831437,21,"Active",FALSE,FALSE
91195,"111853_1749724462_1_4032059#1749831437#71#Active",1749831437,1749831508,71,"Active",FALSE,FALSE
91196,"111853_1749724462_1_4032059#1749831508#14#Active",1749831508,1749831522,14,"Active",FALSE,FALSE
91197,"111853_1749724462_1_4032059#1749831522#88#Active",1749831522,1749831610,88,"Active",FALSE,FALSE
91198,"111853_1749724462_1_4032059#1749831610#19#Active",1749831610,1749831629,19,"Active",FALSE,FALSE
91199,"111853_1749724462_1_4032059#1749831629#62#Sedentary",1749831629,1749831691,62,"Sedentary",FALSE,FALSE
91200,"111853_1749724462_1_4032059#1749831691#12#Sedentary",1749831691,1749831703,12,"Sedentary",FALSE,FALSE
91201,"111853_1749724462_1_4032059#1749831703#15#Sedentary",1749831703,1749831718,15,"Sedentary",FALSE,FALSE
91202,"111853_1749724462_1_4032059#1749831718#13#Sedentary",1749831718,1749831731,13,"Sedentary",FALSE,FALSE
91203,"111853_1749724462_1_4032059#1749831731#65#Active",1749831731,1749831796,65,"Active",FALSE,FALSE
91204,"111853_1749724462_1_4032059#1749831796#47#SlowWalk",1749831796,1749831843,47,"SlowWalk",FALSE,FALSE
91205,"111853_1749724462_1_4032059#1749831843#153#SlowWalk",1749831843,1749831996,153,"SlowWalk",FALSE,FALSE
91206,"111853_1749724462_1_4032059#1749831996#39#SlowWalk",1749831996,1749832035,39,"SlowWalk",FALSE,FALSE
91207,"111853_1749724462_1_4032059#1749832035#154#Active",1749832035,1749832189,154,"Active",FALSE,FALSE
91208,"111853_1749724462_1_4032059#1749832189#19#SlowWalk",1749832189,1749832208,19,"SlowWalk",FALSE,FALSE
91209,"111853_1749724462_1_4032059#1749832208#84#SlowWalk",1749832208,1749832292,84,"SlowWalk",FALSE,FALSE
91210,"111853_1749724462_1_4032059#1749832292#9#Active",1749832292,1749832301,9,"Active",FALSE,FALSE
91211,"111853_1749724462_1_4032059#1749832301#105#Active",1749832301,1749832406,105,"Active",FALSE,FALSE
91212,"111853_1749724462_1_4032059#1749832406#34#Sedentary",1749832406,1749832440,34,"Sedentary",FALSE,FALSE
91213,"111853_1749724462_1_4032059#1749832440#52#Sedentary",1749832440,1749832492,52,"Sedentary",FALSE,FALSE
91214,"111853_1749724462_1_4032059#1749832492#26#Sedentary",1749832492,1749832518,26,"Sedentary",FALSE,FALSE
91215,"111853_1749724462_1_4032059#1749832518#43#Sedentary",1749832518,1749832561,43,"Sedentary",FALSE,FALSE
91216,"111853_1749724462_1_4032059#1749832561#108#Sedentary",1749832561,1749832669,108,"Sedentary",FALSE,FALSE
91217,"111853_1749724462_1_4032059#1749832669#37#Sedentary",1749832669,1749832706,37,"Sedentary",FALSE,FALSE
91218,"111853_1749724462_1_4032059#1749832706#17#Active",1749832706,1749832723,17,"Active",FALSE,FALSE
91219,"111853_1749724462_1_4032059#1749832723#39#Active",1749832723,1749832762,39,"Active",FALSE,FALSE
91220,"111853_1749724462_1_4032059#1749832762#47#Sedentary",1749832762,1749832809,47,"Sedentary",FALSE,FALSE
91221,"111853_1749724462_1_4032059#1749832809#12#SlowWalk",1749832809,1749832821,12,"SlowWalk",FALSE,FALSE
91222,"111853_1749724462_1_4032059#1749832821#3788#Sleep",1749832821,1749836609,3788,"Sleep",FALSE,FALSE
91223,"111853_1749724462_1_4032059#1749836609#2558#Sleep",1749836609,1749839167,2558,"Sleep",FALSE,FALSE
91224,"111853_1749724462_1_4032059#1749839167#1120#Sleep",1749839167,1749840287,1120,"Sleep",FALSE,FALSE
91225,"111853_1749724462_1_4032059#1749840287#31#Sedentary",1749840287,1749840318,31,"Sedentary",FALSE,FALSE
91226,"111853_1749724462_1_4032059#1749840318#432#Active",1749840318,1749840750,432,"Active",FALSE,FALSE
91227,"111853_1749724462_1_4032059#1749840750#61#SlowWalk",1749840750,1749840811,61,"SlowWalk",FALSE,FALSE
91228,"111853_1749724462_1_4032059#1749840811#69#Active",1749840811,1749840880,69,"Active",FALSE,FALSE
91229,"111853_1749724462_1_4032059#1749840880#114#Active",1749840880,1749840994,114,"Active",FALSE,FALSE
91230,"111853_1749724462_1_4032059#1749840994#29#Active",1749840994,1749841023,29,"Active",FALSE,FALSE
91231,"111853_1749724462_1_4032059#1749841023#70#Active",1749841023,1749841093,70,"Active",FALSE,FALSE
91232,"111853_1749724462_1_4032059#1749841093#67#Active",1749841093,1749841160,67,"Active",FALSE,FALSE
91233,"111853_1749724462_1_4032059#1749841160#7#Active",1749841160,1749841167,7,"Active",FALSE,FALSE
91234,"111853_1749724462_1_4032059#1749841167#176#Active",1749841167,1749841343,176,"Active",FALSE,FALSE
91235,"111853_1749724462_1_4032059#1749841343#21#Active",1749841343,1749841364,21,"Active",FALSE,FALSE
91236,"111853_1749724462_1_4032059#1749841364#89#Active",1749841364,1749841453,89,"Active",FALSE,FALSE
91237,"111853_1749724462_1_4032059#1749841453#19#Active",1749841453,1749841472,19,"Active",FALSE,FALSE
91238,"111853_1749724462_1_4032059#1749841472#29#Active",1749841472,1749841501,29,"Active",FALSE,FALSE
91239,"111853_1749724462_1_4032059#1749841501#41#Active",1749841501,1749841542,41,"Active",FALSE,FALSE
91240,"111853_1749724462_1_4032059#1749841542#82#Active",1749841542,1749841624,82,"Active",FALSE,FALSE
91241,"111853_1749724462_1_4032059#1749841624#165#Sedentary",1749841624,1749841789,165,"Sedentary",FALSE,FALSE
91242,"111853_1749724462_1_4032059#1749841789#29#Sedentary",1749841789,1749841818,29,"Sedentary",FALSE,FALSE
91243,"111853_1749724462_1_4032059#1749841818#42#Sedentary",1749841818,1749841860,42,"Sedentary",FALSE,FALSE
91244,"111853_1749724462_1_4032059#1749841860#56#Sedentary",1749841860,1749841916,56,"Sedentary",FALSE,FALSE
91245,"111853_1749724462_1_4032059#1749841916#29#Sedentary",1749841916,1749841945,29,"Sedentary",FALSE,FALSE
91246,"111853_1749724462_1_4032059#1749841945#173#Active",1749841945,1749842118,173,"Active",FALSE,FALSE
91247,"111853_1749724462_1_4032059#1749842118#11#Sedentary",1749842118,1749842129,11,"Sedentary",FALSE,FALSE
91248,"111853_1749724462_1_4032059#1749842129#15#Active",1749842129,1749842144,15,"Active",FALSE,FALSE
91249,"111853_1749724462_1_4032059#1749842144#27#Sedentary",1749842144,1749842171,27,"Sedentary",FALSE,FALSE
91250,"111853_1749724462_1_4032059#1749842171#31#Active",1749842171,1749842202,31,"Active",FALSE,FALSE
91251,"111853_1749724462_1_4032059#1749842202#183#FastWalk",1749842202,1749842385,183,"FastWalk",FALSE,FALSE
91252,"111853_1749724462_1_4032059#1749842385#72#FastWalk",1749842385,1749842457,72,"FastWalk",FALSE,FALSE
91253,"111853_1749724462_1_4032059#1749842457#125#Active",1749842457,1749842582,125,"Active",FALSE,FALSE
91254,"111853_1749724462_1_4032059#1749842582#9#Sedentary",1749842582,1749842591,9,"Sedentary",FALSE,FALSE
91255,"111853_1749724462_1_4032059#1749842591#20#Sedentary",1749842591,1749842611,20,"Sedentary",FALSE,FALSE
91256,"111853_1749724462_1_4032059#1749842611#34#Active",1749842611,1749842645,34,"Active",FALSE,FALSE
91257,"111853_1749724462_1_4032059#1749842645#18#Active",1749842645,1749842663,18,"Active",FALSE,FALSE
91258,"111853_1749724462_1_4032059#1749842663#75#Sedentary",1749842663,1749842738,75,"Sedentary",FALSE,FALSE
91259,"111853_1749724462_1_4032059#1749842738#16#Sedentary",1749842738,1749842754,16,"Sedentary",FALSE,FALSE
91260,"111853_1749724462_1_4032059#1749842754#133#Sedentary",1749842754,1749842887,133,"Sedentary",FALSE,FALSE
91261,"111853_1749724462_1_4032059#1749842887#45#Sedentary",1749842887,1749842932,45,"Sedentary",FALSE,FALSE
91262,"111853_1749724462_1_4032059#1749842932#17#Sedentary",1749842932,1749842949,17,"Sedentary",FALSE,FALSE
91263,"111853_1749724462_1_4032059#1749842949#5#Sedentary",1749842949,1749842954,5,"Sedentary",FALSE,FALSE
91264,"111853_1749724462_1_4032059#1749842954#99#Sedentary",1749842954,1749843053,99,"Sedentary",FALSE,FALSE
91265,"111853_1749724462_1_4032059#1749843053#175#Sedentary",1749843053,1749843228,175,"Sedentary",FALSE,FALSE
91266,"111853_1749724462_1_4032059#1749843228#55#Sedentary",1749843228,1749843283,55,"Sedentary",FALSE,FALSE
91267,"111853_1749724462_1_4032059#1749843283#70#Sedentary",1749843283,1749843353,70,"Sedentary",FALSE,FALSE
91268,"111853_1749724462_1_4032059#1749843353#38#Active",1749843353,1749843391,38,"Active",FALSE,FALSE
91269,"111853_1749724462_1_4032059#1749843391#19#Active",1749843391,1749843410,19,"Active",FALSE,FALSE
91270,"111853_1749724462_1_4032059#1749843410#33#Sedentary",1749843410,1749843443,33,"Sedentary",FALSE,FALSE
91271,"111853_1749724462_1_4032059#1749843443#23#Active",1749843443,1749843466,23,"Active",FALSE,FALSE
91272,"111853_1749724462_1_4032059#1749843466#11#Active",1749843466,1749843477,11,"Active",FALSE,FALSE
91273,"111853_1749724462_1_4032059#1749843477#69#Sedentary",1749843477,1749843546,69,"Sedentary",FALSE,FALSE
91274,"111853_1749724462_1_4032059#1749843546#14#Sedentary",1749843546,1749843560,14,"Sedentary",FALSE,FALSE
91275,"111853_1749724462_1_4032059#1749843560#52#Sedentary",1749843560,1749843612,52,"Sedentary",FALSE,FALSE
91276,"111853_1749724462_1_4032059#1749843612#31#Sedentary",1749843612,1749843643,31,"Sedentary",FALSE,FALSE
91277,"111853_1749724462_1_4032059#1749843643#9#Sedentary",1749843643,1749843652,9,"Sedentary",FALSE,FALSE
91278,"111853_1749724462_1_4032059#1749843652#97#Sedentary",1749843652,1749843749,97,"Sedentary",FALSE,FALSE
91279,"111853_1749724462_1_4032059#1749843749#38#Sedentary",1749843749,1749843787,38,"Sedentary",FALSE,FALSE
91280,"111853_1749724462_1_4032059#1749843787#37#Sedentary",1749843787,1749843824,37,"Sedentary",FALSE,FALSE
91281,"111853_1749724462_1_4032059#1749843824#38#Sedentary",1749843824,1749843862,38,"Sedentary",FALSE,FALSE
91282,"111853_1749724462_1_4032059#1749843862#30#Sedentary",1749843862,1749843892,30,"Sedentary",FALSE,FALSE
91283,"111853_1749724462_1_4032059#1749843892#56#Sedentary",1749843892,1749843948,56,"Sedentary",FALSE,FALSE
91284,"111853_1749724462_1_4032059#1749843948#11#Sedentary",1749843948,1749843959,11,"Sedentary",FALSE,FALSE
91285,"111853_1749724462_1_4032059#1749843959#72#Sedentary",1749843959,1749844031,72,"Sedentary",FALSE,FALSE
91286,"111853_1749724462_1_4032059#1749844031#23#Sedentary",1749844031,1749844054,23,"Sedentary",FALSE,FALSE
91287,"111853_1749724462_1_4032059#1749844054#40#Sedentary",1749844054,1749844094,40,"Sedentary",FALSE,FALSE
91288,"111853_1749724462_1_4032059#1749844094#19#Sedentary",1749844094,1749844113,19,"Sedentary",FALSE,FALSE
91289,"111853_1749724462_1_4032059#1749844113#13#Sedentary",1749844113,1749844126,13,"Sedentary",FALSE,FALSE
91290,"111853_1749724462_1_4032059#1749844126#44#Sedentary",1749844126,1749844170,44,"Sedentary",FALSE,FALSE
91291,"111853_1749724462_1_4032059#1749844170#56#Sedentary",1749844170,1749844226,56,"Sedentary",FALSE,FALSE
91292,"111853_1749724462_1_4032059#1749844226#25#Sedentary",1749844226,1749844251,25,"Sedentary",FALSE,FALSE
91293,"111853_1749724462_1_4032059#1749844251#22#Sedentary",1749844251,1749844273,22,"Sedentary",FALSE,FALSE
91294,"111853_1749724462_1_4032059#1749844273#139#Sedentary",1749844273,1749844412,139,"Sedentary",FALSE,FALSE
91295,"111853_1749724462_1_4032059#1749844412#27#Sedentary",1749844412,1749844439,27,"Sedentary",FALSE,FALSE
91296,"111853_1749724462_1_4032059#1749844439#9#Sedentary",1749844439,1749844448,9,"Sedentary",FALSE,FALSE
91297,"111853_1749724462_1_4032059#1749844448#20#Sedentary",1749844448,1749844468,20,"Sedentary",FALSE,FALSE
91298,"111853_1749724462_1_4032059#1749844468#17#Sedentary",1749844468,1749844485,17,"Sedentary",FALSE,FALSE
91299,"111853_1749724462_1_4032059#1749844485#29#Sedentary",1749844485,1749844514,29,"Sedentary",FALSE,FALSE
91300,"111853_1749724462_1_4032059#1749844514#25#Sedentary",1749844514,1749844539,25,"Sedentary",FALSE,FALSE
91301,"111853_1749724462_1_4032059#1749844539#155#Sedentary",1749844539,1749844694,155,"Sedentary",FALSE,FALSE
91302,"111853_1749724462_1_4032059#1749844694#38#Active",1749844694,1749844732,38,"Active",FALSE,FALSE
91303,"111853_1749724462_1_4032059#1749844732#75#Sedentary",1749844732,1749844807,75,"Sedentary",FALSE,FALSE
91304,"111853_1749724462_1_4032059#1749844807#48#Active",1749844807,1749844855,48,"Active",FALSE,FALSE
91305,"111853_1749724462_1_4032059#1749844855#57#Sedentary",1749844855,1749844912,57,"Sedentary",FALSE,FALSE
91306,"111853_1749724462_1_4032059#1749844912#31#Sedentary",1749844912,1749844943,31,"Sedentary",FALSE,FALSE
91307,"111853_1749724462_1_4032059#1749844943#43#Active",1749844943,1749844986,43,"Active",FALSE,FALSE
91308,"111853_1749724462_1_4032059#1749844986#213#Active",1749844986,1749845199,213,"Active",FALSE,FALSE
91309,"111853_1749724462_1_4032059#1749845199#33#Sedentary",1749845199,1749845232,33,"Sedentary",FALSE,FALSE
91310,"111853_1749724462_1_4032059#1749845232#66#Active",1749845232,1749845298,66,"Active",FALSE,FALSE
91311,"111853_1749724462_1_4032059#1749845298#37#Sedentary",1749845298,1749845335,37,"Sedentary",FALSE,FALSE
91312,"111853_1749724462_1_4032059#1749845335#132#Sedentary",1749845335,1749845467,132,"Sedentary",FALSE,FALSE
91313,"111853_1749724462_1_4032059#1749845467#29#Active",1749845467,1749845496,29,"Active",FALSE,FALSE
91314,"111853_1749724462_1_4032059#1749845496#33#Active",1749845496,1749845529,33,"Active",FALSE,FALSE
91315,"111853_1749724462_1_4032059#1749845529#12#Active",1749845529,1749845541,12,"Active",FALSE,FALSE
91316,"111853_1749724462_1_4032059#1749845541#39#Active",1749845541,1749845580,39,"Active",FALSE,FALSE
91317,"111853_1749724462_1_4032059#1749845580#18#Sedentary",1749845580,1749845598,18,"Sedentary",FALSE,FALSE
91318,"111853_1749724462_1_4032059#1749845598#5#Active",1749845598,1749845603,5,"Active",FALSE,FALSE
91319,"111853_1749724462_1_4032059#1749845603#21#Sedentary",1749845603,1749845624,21,"Sedentary",FALSE,FALSE
91320,"111853_1749724462_1_4032059#1749845624#36#Active",1749845624,1749845660,36,"Active",FALSE,FALSE
91321,"111853_1749724462_1_4032059#1749845660#10#Sedentary",1749845660,1749845670,10,"Sedentary",FALSE,FALSE
91322,"111853_1749724462_1_4032059#1749845670#22#Sedentary",1749845670,1749845692,22,"Sedentary",FALSE,FALSE
91323,"111853_1749724462_1_4032059#1749845692#44#Active",1749845692,1749845736,44,"Active",FALSE,FALSE
91324,"111853_1749724462_1_4032059#1749845736#46#Active",1749845736,1749845782,46,"Active",FALSE,FALSE
91325,"111853_1749724462_1_4032059#1749845782#9#Sedentary",1749845782,1749845791,9,"Sedentary",FALSE,FALSE
91326,"111853_1749724462_1_4032059#1749845791#20#Sedentary",1749845791,1749845811,20,"Sedentary",FALSE,FALSE
91327,"111853_1749724462_1_4032059#1749845811#18#Sedentary",1749845811,1749845829,18,"Sedentary",FALSE,FALSE
91328,"111853_1749724462_1_4032059#1749845829#30#Sedentary",1749845829,1749845859,30,"Sedentary",FALSE,FALSE
91329,"111853_1749724462_1_4032059#1749845859#32#Active",1749845859,1749845891,32,"Active",FALSE,FALSE
91330,"111853_1749724462_1_4032059#1749845891#28#Sedentary",1749845891,1749845919,28,"Sedentary",FALSE,FALSE
91331,"111853_1749724462_1_4032059#1749845919#25#Sedentary",1749845919,1749845944,25,"Sedentary",FALSE,FALSE
91332,"111853_1749724462_1_4032059#1749845944#10#Sedentary",1749845944,1749845954,10,"Sedentary",FALSE,FALSE
91333,"111853_1749724462_1_4032059#1749845954#60#Sedentary",1749845954,1749846014,60,"Sedentary",FALSE,FALSE
91334,"111853_1749724462_1_4032059#1749846014#5#Active",1749846014,1749846019,5,"Active",FALSE,FALSE
91335,"111853_1749724462_1_4032059#1749846019#142#Active",1749846019,1749846161,142,"Active",FALSE,FALSE
91336,"111853_1749724462_1_4032059#1749846161#18#Sedentary",1749846161,1749846179,18,"Sedentary",FALSE,FALSE
91337,"111853_1749724462_1_4032059#1749846179#70#Active",1749846179,1749846249,70,"Active",FALSE,FALSE
91338,"111853_1749724462_1_4032059#1749846249#77#Sedentary",1749846249,1749846326,77,"Sedentary",FALSE,FALSE
91339,"111853_1749724462_1_4032059#1749846326#34#Active",1749846326,1749846360,34,"Active",FALSE,FALSE
91340,"111853_1749724462_1_4032059#1749846360#33#Active",1749846360,1749846393,33,"Active",FALSE,FALSE
91341,"111853_1749724462_1_4032059#1749846393#14#Active",1749846393,1749846407,14,"Active",FALSE,FALSE
91342,"111853_1749724462_1_4032059#1749846407#20#Sedentary",1749846407,1749846427,20,"Sedentary",FALSE,FALSE
91343,"111853_1749724462_1_4032059#1749846427#31#Sedentary",1749846427,1749846458,31,"Sedentary",FALSE,FALSE
91344,"111853_1749724462_1_4032059#1749846458#14#Active",1749846458,1749846472,14,"Active",FALSE,FALSE
91345,"111853_1749724462_1_4032059#1749846472#55#Sedentary",1749846472,1749846527,55,"Sedentary",FALSE,FALSE
91346,"111853_1749724462_1_4032059#1749846527#29#Active",1749846527,1749846556,29,"Active",FALSE,FALSE
91347,"111853_1749724462_1_4032059#1749846556#77#Sedentary",1749846556,1749846633,77,"Sedentary",FALSE,FALSE
91348,"111853_1749724462_1_4032059#1749846633#27#Sedentary",1749846633,1749846660,27,"Sedentary",FALSE,FALSE
91349,"111853_1749724462_1_4032059#1749846660#16#Active",1749846660,1749846676,16,"Active",FALSE,FALSE
91350,"111853_1749724462_1_4032059#1749846676#26#Active",1749846676,1749846702,26,"Active",FALSE,FALSE
91351,"111853_1749724462_1_4032059#1749846702#14#Sedentary",1749846702,1749846716,14,"Sedentary",FALSE,FALSE
91352,"111853_1749724462_1_4032059#1749846716#12#Active",1749846716,1749846728,12,"Active",FALSE,FALSE
91353,"111853_1749724462_1_4032059#1749846728#9#Sedentary",1749846728,1749846737,9,"Sedentary",FALSE,FALSE
91354,"111853_1749724462_1_4032059#1749846737#54#Sedentary",1749846737,1749846791,54,"Sedentary",FALSE,FALSE
91355,"111853_1749724462_1_4032059#1749846791#160#Active",1749846791,1749846951,160,"Active",FALSE,FALSE
91356,"111853_1749724462_1_4032059#1749846951#41#Sedentary",1749846951,1749846992,41,"Sedentary",FALSE,FALSE
91357,"111853_1749724462_1_4032059#1749846992#34#Sedentary",1749846992,1749847026,34,"Sedentary",FALSE,FALSE
91358,"111853_1749724462_1_4032059#1749847026#22#Sedentary",1749847026,1749847048,22,"Sedentary",FALSE,FALSE
91359,"111853_1749724462_1_4032059#1749847048#107#Active",1749847048,1749847155,107,"Active",FALSE,FALSE
91360,"111853_1749724462_1_4032059#1749847155#14#Sedentary",1749847155,1749847169,14,"Sedentary",FALSE,FALSE
91361,"111853_1749724462_1_4032059#1749847169#246#Active",1749847169,1749847415,246,"Active",FALSE,FALSE
91362,"111853_1749724462_1_4032059#1749847415#56#Sedentary",1749847415,1749847471,56,"Sedentary",FALSE,FALSE
91363,"111853_1749724462_1_4032059#1749847471#39#Active",1749847471,1749847510,39,"Active",FALSE,FALSE
91364,"111853_1749724462_1_4032059#1749847510#34#Active",1749847510,1749847544,34,"Active",FALSE,FALSE
91365,"111853_1749724462_1_4032059#1749847544#185#SlowWalk",1749847544,1749847729,185,"SlowWalk",FALSE,FALSE
91366,"111853_1749724462_1_4032059#1749847729#67#Active",1749847729,1749847796,67,"Active",FALSE,FALSE
91367,"111853_1749724462_1_4032059#1749847796#8#Active",1749847796,1749847804,8,"Active",FALSE,FALSE
91368,"111853_1749724462_1_4032059#1749847804#24#Active",1749847804,1749847828,24,"Active",FALSE,FALSE
91369,"111853_1749724462_1_4032059#1749847828#13#Active",1749847828,1749847841,13,"Active",FALSE,FALSE
91370,"111853_1749724462_1_4032059#1749847841#63#Active",1749847841,1749847904,63,"Active",FALSE,FALSE
91371,"111853_1749724462_1_4032059#1749847904#17#SlowWalk",1749847904,1749847921,17,"SlowWalk",FALSE,FALSE
91372,"111853_1749724462_1_4032059#1749847921#142#Active",1749847921,1749848063,142,"Active",FALSE,FALSE
91373,"111853_1749724462_1_4032059#1749848063#18#Active",1749848063,1749848081,18,"Active",FALSE,FALSE
91374,"111853_1749724462_1_4032059#1749848081#22#SlowWalk",1749848081,1749848103,22,"SlowWalk",FALSE,FALSE
91375,"111853_1749724462_1_4032059#1749848103#52#SlowWalk",1749848103,1749848155,52,"SlowWalk",FALSE,FALSE
91376,"111853_1749724462_1_4032059#1749848155#63#Active",1749848155,1749848218,63,"Active",FALSE,FALSE
91377,"111853_1749724462_1_4032059#1749848218#25#Sedentary",1749848218,1749848243,25,"Sedentary",FALSE,FALSE
91378,"111853_1749724462_1_4032059#1749848243#53#Active",1749848243,1749848296,53,"Active",FALSE,FALSE
91379,"111853_1749724462_1_4032059#1749848296#61#Sedentary",1749848296,1749848357,61,"Sedentary",FALSE,FALSE
91380,"111853_1749724462_1_4032059#1749848357#132#Sedentary",1749848357,1749848489,132,"Sedentary",FALSE,FALSE
91381,"111853_1749724462_1_4032059#1749848489#36#Sedentary",1749848489,1749848525,36,"Sedentary",FALSE,FALSE
91382,"111853_1749724462_1_4032059#1749848525#19#SlowWalk",1749848525,1749848544,19,"SlowWalk",FALSE,FALSE
91383,"111853_1749724462_1_4032059#1749848544#13#SlowWalk",1749848544,1749848557,13,"SlowWalk",FALSE,FALSE
91384,"111853_1749724462_1_4032059#1749848557#8#Active",1749848557,1749848565,8,"Active",FALSE,FALSE
91385,"111853_1749724462_1_4032059#1749848565#15#SlowWalk",1749848565,1749848580,15,"SlowWalk",FALSE,FALSE
91386,"111853_1749724462_1_4032059#1749848580#20#Active",1749848580,1749848600,20,"Active",FALSE,FALSE
91387,"111853_1749724462_1_4032059#1749848600#195#Active",1749848600,1749848795,195,"Active",FALSE,FALSE
91388,"111853_1749724462_1_4032059#1749848795#36#Sedentary",1749848795,1749848831,36,"Sedentary",FALSE,FALSE
91389,"111853_1749724462_1_4032059#1749848831#41#Sedentary",1749848831,1749848872,41,"Sedentary",FALSE,FALSE
91390,"111853_1749724462_1_4032059#1749848872#379#Active",1749848872,1749849251,379,"Active",FALSE,FALSE
91391,"111853_1749724462_1_4032059#1749849251#26#Active",1749849251,1749849277,26,"Active",FALSE,FALSE
91392,"111853_1749724462_1_4032059#1749849277#66#Active",1749849277,1749849343,66,"Active",FALSE,FALSE
91393,"111853_1749724462_1_4032059#1749849343#39#Active",1749849343,1749849382,39,"Active",FALSE,FALSE
91394,"111853_1749724462_1_4032059#1749849382#80#Active",1749849382,1749849462,80,"Active",FALSE,FALSE
91395,"111853_1749724462_1_4032059#1749849462#108#Active",1749849462,1749849570,108,"Active",FALSE,FALSE
91396,"111853_1749724462_1_4032059#1749849570#37#Active",1749849570,1749849607,37,"Active",FALSE,FALSE
91397,"111853_1749724462_1_4032059#1749849607#47#Sedentary",1749849607,1749849654,47,"Sedentary",FALSE,FALSE
91398,"111853_1749724462_1_4032059#1749849654#14#Sedentary",1749849654,1749849668,14,"Sedentary",FALSE,FALSE
91399,"111853_1749724462_1_4032059#1749849668#51#Sedentary",1749849668,1749849719,51,"Sedentary",FALSE,FALSE
91400,"111853_1749724462_1_4032059#1749849719#16#Sedentary",1749849719,1749849735,16,"Sedentary",FALSE,FALSE
91401,"111853_1749724462_1_4032059#1749849735#12#SlowWalk",1749849735,1749849747,12,"SlowWalk",FALSE,FALSE
91402,"111853_1749724462_1_4032059#1749849747#39#Active",1749849747,1749849786,39,"Active",FALSE,FALSE
91403,"111853_1749724462_1_4032059#1749849786#22#Active",1749849786,1749849808,22,"Active",FALSE,FALSE
91404,"111853_1749724462_1_4032059#1749849808#15#Active",1749849808,1749849823,15,"Active",FALSE,FALSE
91405,"111853_1749724462_1_4032059#1749849823#17#Active",1749849823,1749849840,17,"Active",FALSE,FALSE
91406,"111853_1749724462_1_4032059#1749849840#81#Sedentary",1749849840,1749849921,81,"Sedentary",FALSE,FALSE
91407,"111853_1749724462_1_4032059#1749849921#16#Sedentary",1749849921,1749849937,16,"Sedentary",FALSE,FALSE
91408,"111853_1749724462_1_4032059#1749849937#9#Sedentary",1749849937,1749849946,9,"Sedentary",FALSE,FALSE
91409,"111853_1749724462_1_4032059#1749849946#15#Active",1749849946,1749849961,15,"Active",FALSE,FALSE
91410,"111853_1749724462_1_4032059#1749849961#26#Active",1749849961,1749849987,26,"Active",FALSE,FALSE
91411,"111853_1749724462_1_4032059#1749849987#80#Active",1749849987,1749850067,80,"Active",FALSE,FALSE
91412,"111853_1749724462_1_4032059#1749850067#49#Active",1749850067,1749850116,49,"Active",FALSE,FALSE
91413,"111853_1749724462_1_4032059#1749850116#33#Sedentary",1749850116,1749850149,33,"Sedentary",FALSE,FALSE
91414,"111853_1749724462_1_4032059#1749850149#33#Sedentary",1749850149,1749850182,33,"Sedentary",FALSE,FALSE
91415,"111853_1749724462_1_4032059#1749850182#153#Active",1749850182,1749850335,153,"Active",FALSE,FALSE
91416,"111853_1749724462_1_4032059#1749850335#13#SlowWalk",1749850335,1749850348,13,"SlowWalk",FALSE,FALSE
91417,"111853_1749724462_1_4032059#1749850348#29#Active",1749850348,1749850377,29,"Active",FALSE,FALSE
91418,"111853_1749724462_1_4032059#1749850377#114#SlowWalk",1749850377,1749850491,114,"SlowWalk",FALSE,FALSE
91419,"111853_1749724462_1_4032059#1749850491#20#Active",1749850491,1749850511,20,"Active",FALSE,FALSE
91420,"111853_1749724462_1_4032059#1749850511#34#Sedentary",1749850511,1749850545,34,"Sedentary",FALSE,FALSE
91421,"111853_1749724462_1_4032059#1749850545#15#Active",1749850545,1749850560,15,"Active",FALSE,FALSE
91422,"111853_1749724462_1_4032059#1749850560#63#Active",1749850560,1749850623,63,"Active",FALSE,FALSE
91423,"111853_1749724462_1_4032059#1749850623#11#Active",1749850623,1749850634,11,"Active",FALSE,FALSE
91424,"111853_1749724462_1_4032059#1749850634#20#Active",1749850634,1749850654,20,"Active",FALSE,FALSE
91425,"111853_1749724462_1_4032059#1749850654#14#Active",1749850654,1749850668,14,"Active",FALSE,FALSE
91426,"111853_1749724462_1_4032059#1749850668#26#Active",1749850668,1749850694,26,"Active",FALSE,FALSE
91427,"111853_1749724462_1_4032059#1749850694#31#Active",1749850694,1749850725,31,"Active",FALSE,FALSE
91428,"111853_1749724462_1_4032059#1749850725#9#Active",1749850725,1749850734,9,"Active",FALSE,FALSE
91429,"111853_1749724462_1_4032059#1749850734#16#Active",1749850734,1749850750,16,"Active",FALSE,FALSE
91430,"111853_1749724462_1_4032059#1749850750#34#Active",1749850750,1749850784,34,"Active",FALSE,FALSE
91431,"111853_1749724462_1_4032059#1749850784#6#Active",1749850784,1749850790,6,"Active",FALSE,FALSE
91432,"111853_1749724462_1_4032059#1749850790#8#Sedentary",1749850790,1749850798,8,"Sedentary",FALSE,FALSE
91433,"111853_1749724462_1_4032059#1749850798#23#Sedentary",1749850798,1749850821,23,"Sedentary",FALSE,FALSE
91434,"111853_1749724462_1_4032059#1749850821#11#Sedentary",1749850821,1749850832,11,"Sedentary",FALSE,FALSE
91435,"111853_1749724462_1_4032059#1749850832#73#Sedentary",1749850832,1749850905,73,"Sedentary",FALSE,FALSE
91436,"111853_1749724462_1_4032059#1749850905#6#Sedentary",1749850905,1749850911,6,"Sedentary",FALSE,FALSE
91437,"111853_1749724462_1_4032059#1749850911#14#Sedentary",1749850911,1749850925,14,"Sedentary",FALSE,FALSE
91438,"111853_1749724462_1_4032059#1749850925#11#Sedentary",1749850925,1749850936,11,"Sedentary",FALSE,FALSE
91439,"111853_1749724462_1_4032059#1749850936#28#Sedentary",1749850936,1749850964,28,"Sedentary",FALSE,FALSE
91440,"111853_1749724462_1_4032059#1749850964#129#Sedentary",1749850964,1749851093,129,"Sedentary",FALSE,FALSE
91441,"111853_1749724462_1_4032059#1749851093#36#Sedentary",1749851093,1749851129,36,"Sedentary",FALSE,FALSE
91442,"111853_1749724462_1_4032059#1749851129#32#Active",1749851129,1749851161,32,"Active",FALSE,FALSE
91443,"111853_1749724462_1_4032059#1749851161#14#SlowWalk",1749851161,1749851175,14,"SlowWalk",FALSE,FALSE
91444,"111853_1749724462_1_4032059#1749851175#33#SlowWalk",1749851175,1749851208,33,"SlowWalk",FALSE,FALSE
91445,"111853_1749724462_1_4032059#1749851208#10#Sedentary",1749851208,1749851218,10,"Sedentary",FALSE,FALSE
91446,"111853_1749724462_1_4032059#1749851218#54#Active",1749851218,1749851272,54,"Active",FALSE,FALSE
91447,"111853_1749724462_1_4032059#1749851272#24#Sedentary",1749851272,1749851296,24,"Sedentary",FALSE,FALSE
91448,"111853_1749724462_1_4032059#1749851296#176#Active",1749851296,1749851472,176,"Active",FALSE,FALSE
91449,"111853_1749724462_1_4032059#1749851472#19#Active",1749851472,1749851491,19,"Active",FALSE,FALSE
91450,"111853_1749724462_1_4032059#1749851491#73#Sedentary",1749851491,1749851564,73,"Sedentary",FALSE,FALSE
91451,"111853_1749724462_1_4032059#1749851564#19#Active",1749851564,1749851583,19,"Active",FALSE,FALSE
91452,"111853_1749724462_1_4032059#1749851583#70#Active",1749851583,1749851653,70,"Active",FALSE,FALSE
91453,"111853_1749724462_1_4032059#1749851653#27#SlowWalk",1749851653,1749851680,27,"SlowWalk",FALSE,FALSE
91454,"111853_1749724462_1_4032059#1749851680#10#Active",1749851680,1749851690,10,"Active",FALSE,FALSE
91455,"111853_1749724462_1_4032059#1749851690#23#Sedentary",1749851690,1749851713,23,"Sedentary",FALSE,FALSE
91456,"111853_1749724462_1_4032059#1749851713#12#Active",1749851713,1749851725,12,"Active",FALSE,FALSE
91457,"111853_1749724462_1_4032059#1749851725#50#Active",1749851725,1749851775,50,"Active",FALSE,FALSE
91458,"111853_1749724462_1_4032059#1749851775#30#Active",1749851775,1749851805,30,"Active",FALSE,FALSE
91459,"111853_1749724462_1_4032059#1749851805#23#Sedentary",1749851805,1749851828,23,"Sedentary",FALSE,FALSE
91460,"111853_1749724462_1_4032059#1749851828#27#Sedentary",1749851828,1749851855,27,"Sedentary",FALSE,FALSE
91461,"111853_1749724462_1_4032059#1749851855#6#Active",1749851855,1749851861,6,"Active",FALSE,FALSE
91462,"111853_1749724462_1_4032059#1749851861#56#Sedentary",1749851861,1749851917,56,"Sedentary",FALSE,FALSE
91463,"111853_1749724462_1_4032059#1749851917#11#Sedentary",1749851917,1749851928,11,"Sedentary",FALSE,FALSE
91464,"111853_1749724462_1_4032059#1749851928#10#Active",1749851928,1749851938,10,"Active",FALSE,FALSE
91465,"111853_1749724462_1_4032059#1749851938#289#Active",1749851938,1749852227,289,"Active",FALSE,FALSE
91466,"111853_1749724462_1_4032059#1749852227#115#Active",1749852227,1749852342,115,"Active",FALSE,FALSE
91467,"111853_1749724462_1_4032059#1749852342#35#Sedentary",1749852342,1749852377,35,"Sedentary",FALSE,FALSE
91468,"111853_1749724462_1_4032059#1749852377#87#Active",1749852377,1749852464,87,"Active",FALSE,FALSE
91469,"111853_1749724462_1_4032059#1749852464#36#Active",1749852464,1749852500,36,"Active",FALSE,FALSE
91470,"111853_1749724462_1_4032059#1749852500#326#Active",1749852500,1749852826,326,"Active",FALSE,FALSE
91471,"111853_1749724462_1_4032059#1749852826#9#Sedentary",1749852826,1749852835,9,"Sedentary",FALSE,FALSE
91472,"111853_1749724462_1_4032059#1749852835#31#Sedentary",1749852835,1749852866,31,"Sedentary",FALSE,FALSE
91473,"111853_1749724462_1_4032059#1749852866#11#Active",1749852866,1749852877,11,"Active",FALSE,FALSE
91474,"111853_1749724462_1_4032059#1749852877#8#Active",1749852877,1749852885,8,"Active",FALSE,FALSE
91475,"111853_1749724462_1_4032059#1749852885#19#SlowWalk",1749852885,1749852904,19,"SlowWalk",FALSE,FALSE
91476,"111853_1749724462_1_4032059#1749852904#61#Active",1749852904,1749852965,61,"Active",FALSE,FALSE
91477,"111853_1749724462_1_4032059#1749852965#161#Active",1749852965,1749853126,161,"Active",FALSE,FALSE
91478,"111853_1749724462_1_4032059#1749853126#40#Sedentary",1749853126,1749853166,40,"Sedentary",FALSE,FALSE
91479,"111853_1749724462_1_4032059#1749853166#191#Active",1749853166,1749853357,191,"Active",FALSE,FALSE
91480,"111853_1749724462_1_4032059#1749853357#8#Active",1749853357,1749853365,8,"Active",FALSE,FALSE
91481,"111853_1749724462_1_4032059#1749853365#25#Active",1749853365,1749853390,25,"Active",FALSE,FALSE
91482,"111853_1749724462_1_4032059#1749853390#52#Active",1749853390,1749853442,52,"Active",FALSE,FALSE
91483,"111853_1749724462_1_4032059#1749853442#68#SlowWalk",1749853442,1749853510,68,"SlowWalk",FALSE,FALSE
91484,"111853_1749724462_1_4032059#1749853510#33#SlowWalk",1749853510,1749853543,33,"SlowWalk",FALSE,FALSE
91485,"111853_1749724462_1_4032059#1749853543#59#Active",1749853543,1749853602,59,"Active",FALSE,FALSE
91486,"111853_1749724462_1_4032059#1749853602#21#Sedentary",1749853602,1749853623,21,"Sedentary",FALSE,FALSE
91487,"111853_1749724462_1_4032059#1749853623#38#Active",1749853623,1749853661,38,"Active",FALSE,FALSE
91488,"111853_1749724462_1_4032059#1749853661#230#Active",1749853661,1749853891,230,"Active",FALSE,FALSE
91489,"111853_1749724462_1_4032059#1749853891#22089#NonWear",1749853891,1749875980,22089,"NonWear",FALSE,FALSE
91490,"111853_1749724462_1_4032059#1749875980#21#NonWear",1749875980,1749876001,21,"NonWear",FALSE,FALSE
91491,"111853_1749724462_1_4032059#1749876001#16418#NonWear",1749876001,1749892419,16418,"NonWear",FALSE,FALSE
91492,"111853_1749724462_1_4032059#1749892419#1766#NonWear",1749892419,1749894185,1766,"NonWear",FALSE,TRUE
